Temparature,Humidity,Moisture,Soil Type,Crop Type,Nitrogen,Potassium,Phosphorous,Fertilizer Name
17,77,38,Loamy,Wheat,773,172,27,20-20
21,69,32,Loamy,Wheat,298,330,33,20-20
9,86,33,Loamy,Wheat,218,172,25,28-28
29,39,33,Loamy,Wheat,402,251,34,Urea
27,44,25,Loamy,Wheat,238,344,21,Urea
10,95,37,Sandy,Wheat,494,160,18,28-28
12,87,42,Loamy,Wheat,139,243,8,Urea
10,90,26,Loamy,Wheat,226,134,12,Urea
10,85,36,Loamy,Wheat,107,154,36,20-20
10,91,32,Loamy,Wheat,261,208,13,28-28
10,85,32,Sandy,Wheat,462,70,6,28-28
27,47,36,Loamy,Wheat,723,105,19,28-28
12,97,33,Black,Wheat,413,183,5,28-28
23,64,25,Sandy,Wheat,216,240,8,28-28
12,69,35,Loamy,Wheat,786,71,24,28-28
25,42,23,Loamy,Wheat,810,353,23,28-28
18,79,24,Clayey,Wheat,268,301,4,28-28
24,58,29,Clayey,Wheat,700,42,3,Urea
27,36,35,Loamy,Wheat,760,103,12,28-28
18,79,37,Red,Wheat,265,126,7,28-28
26,73,43,Clayey,Wheat,500,392,4,28-28
10,82,42,Sandy,Wheat,385,344,20,28-28
11,88,24,Loamy,Wheat,321,102,29,28-28
12,78,25,Loamy,Wheat,118,176,7,28-28
27,36,23,Loamy,Wheat,133,61,16,Urea
12,79,23,Black,Wheat,249,389,37,Urea
14,72,34,Clayey,Wheat,388,69,14,28-28
24,56,30,Loamy,Wheat,472,347,10,28-28
14,90,41,Sandy,Wheat,361,256,13,28-28
17,77,39,Loamy,Wheat,598,243,35,Urea
27,34,24,Sandy,Wheat,195,239,17,Urea
30,29,43,Loamy,Wheat,101,374,16,28-28
21,65,30,Loamy,Wheat,113,234,30,Urea
25,41,33,Loamy,Wheat,761,369,26,28-28
9,88,32,Clayey,Wheat,174,389,15,28-28
10,74,29,Clayey,Wheat,280,100,20,28-28
13,80,27,Black,Wheat,290,246,3,28-28
8,76,40,Black,Wheat,755,42,26,28-28
15,69,26,Clayey,Wheat,137,117,25,Urea
22,63,38,Loamy,Wheat,120,369,31,Urea
13,86,35,Sandy,Wheat,543,190,7,28-28
19,75,29,Loamy,Wheat,458,77,16,28-28
26,49,27,Sandy,Wheat,477,243,20,Urea
17,74,30,Sandy,Wheat,528,246,31,28-28
16,79,23,Loamy,Wheat,328,95,21,20-20
29,44,36,Loamy,Wheat,548,226,35,Urea
21,63,27,Sandy,Wheat,117,252,37,20-20
10,95,31,Loamy,Wheat,681,101,12,28-28
16,71,35,Sandy,Wheat,132,223,33,Urea
13,74,34,Loamy,Wheat,695,264,36,Urea
16,69,31,Black,Wheat,330,103,13,28-28
27,33,22,Loamy,Wheat,457,239,33,20-20
12,72,42,Loamy,Wheat,403,418,20,28-28
24,55,23,Clayey,Wheat,556,245,25,28-28
12,82,41,Loamy,Wheat,294,241,8,20-20
12,77,23,Loamy,Wheat,520,113,7,28-28
23,58,42,Loamy,Wheat,644,99,16,28-28
28,42,39,Clayey,Wheat,643,280,12,Urea
21,62,33,Loamy,Wheat,299,217,3,28-28
14,65,39,Sandy,Wheat,260,354,5,Urea
14,75,28,Loamy,Wheat,255,390,7,28-28
16,80,38,Clayey,Wheat,781,82,7,20-20
20,68,44,Loamy,Wheat,132,162,6,28-28
12,73,23,Sandy,Wheat,143,41,16,20-20
18,68,30,Loamy,Wheat,796,69,5,Urea
22,75,43,Loamy,Wheat,479,102,3,28-28
28,32,36,Loamy,Wheat,445,367,25,28-28
12,74,28,Black,Wheat,449,325,30,Urea
21,77,29,Loamy,Wheat,152,230,4,Urea
17,75,36,Loamy,Wheat,220,281,7,28-28
16,73,43,Clayey,Wheat,454,159,3,Urea
23,39,36,Loamy,Wheat,631,225,18,Urea
20,57,32,Sandy,Wheat,240,100,16,28-28
15,75,44,Loamy,Wheat,252,234,28,20-20
14,79,39,Clayey,Wheat,309,294,36,28-28
14,86,45,Loamy,Wheat,529,208,15,28-28
18,71,27,Loamy,Wheat,317,272,8,28-28
12,73,42,Loamy,Wheat,120,36,17,28-28
19,64,25,Loamy,Wheat,234,418,36,20-20
25,41,29,Sandy,Wheat,250,52,18,28-28
18,69,29,Loamy,Wheat,493,297,28,20-20
24,40,41,Loamy,Wheat,406,402,8,28-28
17,64,26,Black,Wheat,778,200,17,28-28
15,73,44,Sandy,Wheat,606,35,13,28-28
21,76,33,Loamy,Wheat,332,189,35,28-28
28,34,23,Loamy,Wheat,734,102,35,28-28
13,72,28,Loamy,Wheat,316,267,7,28-28
12,79,37,Sandy,Wheat,546,254,13,28-28
27,38,37,Loamy,Wheat,663,232,16,28-28
11,92,37,Loamy,Wheat,403,221,4,Urea
11,86,40,Clayey,Wheat,215,54,5,Urea
20,76,34,Clayey,Wheat,731,276,7,28-28
11,85,42,Sandy,Wheat,542,192,29,Urea
19,59,43,Black,Wheat,834,347,21,28-28
21,66,28,Sandy,Wheat,341,33,36,28-28
14,86,25,Clayey,Wheat,160,64,27,Urea
30,41,25,Clayey,Wheat,257,305,12,28-28
26,40,38,Sandy,Wheat,840,276,11,28-28
14,82,37,Loamy,Wheat,793,237,30,Urea
8,86,25,Clayey,Wheat,114,32,11,28-28
26,38,41,Loamy,Wheat,253,293,32,28-28
23,64,39,Sandy,Wheat,690,89,13,28-28
20,69,41,Loamy,Wheat,598,259,17,20-20
14,67,27,Sandy,Wheat,228,379,18,28-28
12,64,28,Loamy,Wheat,791,72,16,28-28
21,70,24,Loamy,Wheat,259,346,13,28-28
28,49,35,Loamy,Wheat,340,138,4,28-28
25,36,30,Loamy,Wheat,354,410,13,28-28
17,52,25,Clayey,Wheat,790,63,25,28-28
18,76,41,Loamy,Wheat,700,176,25,Urea
11,91,24,Clayey,Wheat,380,267,16,20-20
19,66,32,Sandy,Wheat,464,173,15,28-28
15,79,27,Sandy,Wheat,632,223,37,28-28
22,72,43,Sandy,Wheat,92,89,18,20-20
15,79,40,Loamy,Wheat,664,91,14,28-28
11,92,44,Clayey,Wheat,200,94,30,28-28
8,74,32,Loamy,Wheat,313,55,35,20-20
14,75,33,Sandy,Wheat,215,67,19,Urea
26,44,30,Loamy,Wheat,673,82,37,20-20
13,75,32,Loamy,Wheat,558,160,26,20-20
11,81,25,Loamy,Wheat,604,176,24,28-28
21,65,29,Loamy,Wheat,273,251,9,20-20
11,73,40,Sandy,Wheat,532,187,34,28-28
23,40,24,Loamy,Wheat,685,44,33,28-28
14,78,44,Red,Wheat,94,75,3,20-20
28,40,27,Clayey,Wheat,522,49,29,28-28
14,72,34,Loamy,Wheat,463,87,17,28-28
26,35,24,Sandy,Wheat,422,190,25,28-28
24,47,37,Loamy,Wheat,691,95,31,Urea
18,81,37,Clayey,Wheat,377,332,20,28-28
14,67,33,Loamy,Wheat,317,262,7,28-28
25,56,26,Loamy,Wheat,188,138,35,28-28
21,64,29,Loamy,Wheat,477,385,6,Urea
8,85,28,Loamy,Wheat,176,324,14,28-28
11,92,30,Loamy,Wheat,820,420,20,Urea
18,73,40,Sandy,Wheat,87,206,17,Urea
18,69,40,Clayey,Wheat,804,154,29,Urea
26,31,35,Loamy,Wheat,122,251,10,Urea
22,68,28,Black,Wheat,217,105,28,28-28
14,71,28,Clayey,Wheat,666,76,28,20-20
29,39,41,Loamy,Wheat,489,63,13,28-28
16,73,38,Red,Wheat,393,238,28,28-28
7,86,33,Loamy,Wheat,814,52,28,28-28
9,90,27,Clayey,Wheat,290,310,7,20-20
10,81,23,Clayey,Wheat,453,411,27,Urea
29,40,34,Clayey,Wheat,770,70,4,28-28
14,70,43,Loamy,Wheat,470,414,13,Urea
15,85,30,Sandy,Wheat,556,320,6,Urea
11,74,29,Clayey,Wheat,450,49,22,Urea
9,94,23,Loamy,Wheat,569,89,24,28-28
13,67,34,Clayey,Wheat,129,217,10,Urea
27,49,32,Sandy,Wheat,258,132,29,20-20
12,76,26,Loamy,Wheat,108,42,10,Urea
26,40,37,Clayey,Wheat,426,188,17,28-28
11,86,28,Clayey,Wheat,472,323,26,28-28
19,61,29,Sandy,Wheat,193,131,19,Urea
13,68,32,Loamy,Wheat,128,95,21,Urea
21,57,33,Sandy,Wheat,698,120,19,Urea
19,67,33,Red,Wheat,331,65,4,Urea
7,86,35,Loamy,Wheat,607,179,15,Urea
20,74,39,Clayey,Wheat,623,76,5,20-20
15,81,37,Clayey,Wheat,617,184,22,20-20
10,91,28,Loamy,Wheat,437,237,20,28-28
26,40,26,Clayey,Wheat,344,56,32,28-28
12,82,23,Sandy,Wheat,250,184,7,28-28
16,75,22,Loamy,Wheat,714,233,4,Urea
23,43,33,Loamy,Wheat,93,66,21,Urea
25,41,41,Clayey,Wheat,177,49,14,28-28
18,68,43,Loamy,Wheat,565,90,37,20-20
11,84,35,Loamy,Wheat,732,134,16,Urea
23,54,33,Sandy,Wheat,551,49,16,28-28
17,80,27,Clayey,Wheat,518,316,7,Urea
14,64,38,Loamy,Wheat,177,253,29,Urea
25,44,44,Sandy,Wheat,257,84,12,28-28
14,71,32,Sandy,Wheat,90,127,16,28-28
16,81,31,Clayey,Wheat,429,167,10,28-28
21,66,23,Sandy,Wheat,640,417,33,28-28
18,76,25,Loamy,Wheat,565,191,23,20-20
13,87,28,Sandy,Wheat,167,316,31,28-28
8,80,28,Clayey,Wheat,429,113,27,28-28
13,78,38,Loamy,Wheat,378,255,17,Urea
14,79,30,Loamy,Wheat,315,93,8,20-20
12,73,45,Loamy,Wheat,186,110,13,20-20
14,72,24,Loamy,Wheat,90,174,4,28-28
11,89,27,Clayey,Wheat,820,241,18,Urea
14,80,32,Clayey,Wheat,646,388,26,28-28
15,78,40,Sandy,Wheat,587,66,6,28-28
15,72,42,Loamy,Wheat,679,152,18,28-28
23,71,32,Clayey,Wheat,274,300,37,Urea
21,75,35,Loamy,Wheat,592,78,21,Urea
19,73,37,Loamy,Wheat,811,232,5,28-28
18,69,45,Sandy,Wheat,695,103,26,20-20
9,82,32,Loamy,Wheat,631,82,11,28-28
13,70,44,Clayey,Wheat,598,159,16,28-28
10,88,27,Loamy,Wheat,389,333,18,Urea
12,86,43,Clayey,Wheat,168,124,25,Urea
19,73,39,Clayey,Wheat,451,285,36,Urea
20,85,37,Loamy,Wheat,150,100,13,Urea
18,80,38,Sandy,Wheat,364,33,8,Urea
11,78,33,Sandy,Wheat,371,262,16,20-20
21,63,30,Loamy,Wheat,234,37,24,28-28
21,74,45,Loamy,Wheat,196,250,19,28-28
21,67,31,Sandy,Wheat,117,87,8,28-28
15,84,24,Loamy,Wheat,251,245,7,28-28
21,75,41,Loamy,Wheat,528,64,20,28-28
14,75,30,Loamy,Wheat,156,131,9,Urea
24,41,22,Loamy,Wheat,836,77,8,Urea
23,39,36,Red,Wheat,121,244,7,Urea
8,77,35,Loamy,Wheat,541,200,25,28-28
30,45,34,Loamy,Wheat,595,100,8,Urea
18,74,39,Clayey,Wheat,444,362,20,Urea
21,73,45,Loamy,Wheat,190,63,19,Urea
20,69,37,Clayey,Wheat,431,72,12,20-20
13,69,36,Loamy,Wheat,512,185,19,20-20
18,81,23,Loamy,Wheat,157,40,31,28-28
19,64,40,Clayey,Wheat,203,102,30,20-20
12,77,41,Sandy,Wheat,218,36,35,20-20
13,71,37,Sandy,Wheat,313,300,5,28-28
25,38,35,Loamy,Wheat,535,396,9,Urea
10,74,38,Loamy,Wheat,724,71,30,28-28
22,74,44,Loamy,Wheat,362,271,17,28-28
13,90,28,Sandy,Wheat,205,212,21,28-28
14,89,45,Loamy,Wheat,490,228,32,20-20
18,65,24,Loamy,Wheat,171,177,12,Urea
14,79,43,Loamy,Wheat,544,187,30,Urea
26,38,36,Loamy,Wheat,378,241,35,28-28
21,81,41,Black,Wheat,829,181,10,Urea
7,90,28,Loamy,Wheat,529,188,18,28-28
11,84,39,Sandy,Wheat,641,373,34,20-20
25,66,41,Clayey,Wheat,540,49,18,Urea
21,69,33,Clayey,Wheat,580,185,17,28-28
7,84,34,Sandy,Wheat,769,301,22,Urea
17,81,37,Loamy,Wheat,546,402,23,28-28
15,77,31,Clayey,Wheat,429,189,22,20-20
12,80,44,Loamy,Wheat,111,278,28,28-28
11,78,41,Loamy,Wheat,327,62,22,20-20
25,43,30,Loamy,Wheat,331,124,21,Urea
21,73,30,Clayey,Wheat,121,87,10,Urea
19,72,42,Sandy,Wheat,427,56,24,28-28
21,75,38,Clayey,Wheat,605,89,36,28-28
15,74,25,Loamy,Wheat,209,226,13,Urea
13,73,41,Loamy,Wheat,557,169,32,Urea
26,71,23,Sandy,Wheat,132,45,21,28-28
22,66,23,Sandy,Wheat,201,84,24,28-28
23,37,33,Loamy,Wheat,766,250,6,Urea
26,39,28,Loamy,Wheat,238,48,17,Urea
27,40,31,Loamy,Wheat,508,373,21,28-28
14,82,34,Loamy,Wheat,165,268,6,28-28
17,65,28,Loamy,Wheat,138,45,18,28-28
16,77,35,Loamy,Wheat,269,107,4,Urea
19,69,44,Loamy,Wheat,398,108,24,28-28
14,79,23,Black,Wheat,477,186,7,28-28
23,65,38,Red,Wheat,116,226,11,Urea
19,73,36,Loamy,Wheat,527,123,17,28-28
10,67,41,Loamy,Wheat,166,403,22,28-28
20,74,43,Sandy,Wheat,324,392,5,20-20
29,40,34,Loamy,Wheat,196,130,6,20-20
19,68,37,Clayey,Wheat,525,78,14,28-28
22,60,26,Sandy,Wheat,790,189,18,Urea
12,83,24,Clayey,Wheat,349,363,11,28-28
13,77,42,Clayey,Wheat,358,57,24,28-28
18,61,33,Sandy,Wheat,320,173,9,Urea
10,80,45,Clayey,Wheat,281,267,7,Urea
20,70,37,Black,Wheat,258,366,8,28-28
11,95,28,Sandy,Wheat,348,178,30,28-28
19,77,22,Red,Wheat,763,213,36,Urea
22,75,37,Clayey,Wheat,649,266,6,20-20
12,69,44,Sandy,Wheat,100,104,14,28-28
19,73,38,Loamy,Wheat,332,86,29,Urea
29,39,26,Sandy,Wheat,137,186,5,28-28
19,63,38,Black,Wheat,532,239,3,Urea
13,77,31,Loamy,Wheat,279,234,9,Urea
17,74,36,Loamy,Wheat,120,102,11,28-28
24,35,25,Clayey,Wheat,473,78,4,20-20
18,76,38,Loamy,Wheat,662,316,7,28-28
19,65,24,Clayey,Wheat,600,74,4,Urea
13,82,24,Loamy,Wheat,773,268,36,28-28
15,70,25,Loamy,Wheat,476,89,32,28-28
15,71,28,Clayey,Wheat,755,142,9,Urea
18,70,25,Sandy,Wheat,116,59,10,28-28
13,70,29,Loamy,Wheat,377,275,36,Urea
27,43,23,Clayey,Wheat,145,85,11,28-28
16,67,26,Clayey,Wheat,599,230,32,Urea
9,93,34,Loamy,Wheat,214,47,5,Urea
20,69,32,Loamy,Wheat,442,386,17,28-28
11,75,44,Loamy,Wheat,280,34,11,Urea
15,76,35,Sandy,Wheat,97,56,12,28-28
20,75,40,Sandy,Wheat,674,104,31,28-28
19,72,30,Sandy,Wheat,642,302,15,28-28
19,72,40,Sandy,Wheat,670,57,4,28-28
12,88,38,Sandy,Wheat,377,165,19,Urea
10,89,32,Clayey,Wheat,252,110,7,20-20
16,78,42,Black,Wheat,337,341,18,28-28
11,93,44,Loamy,Wheat,540,219,4,28-28
15,76,42,Clayey,Wheat,350,131,12,28-28
26,42,27,Sandy,Wheat,576,221,36,28-28
11,83,42,Black,Wheat,718,38,25,Urea
17,75,22,Sandy,Wheat,121,327,6,Urea
20,56,38,Sandy,Wheat,91,406,35,28-28
21,73,40,Loamy,Wheat,231,161,33,20-20
19,67,31,Sandy,Wheat,511,184,37,Urea
7,81,38,Clayey,Wheat,489,108,6,20-20
15,72,38,Clayey,Wheat,519,81,19,Urea
12,87,41,Sandy,Wheat,272,409,25,Urea
28,37,40,Sandy,Wheat,591,127,18,28-28
14,78,23,Loamy,Wheat,326,77,22,28-28
13,83,42,Loamy,Wheat,412,97,25,20-20
15,71,34,Loamy,Wheat,700,230,33,28-28
21,79,41,Clayey,Wheat,514,56,21,28-28
26,41,41,Loamy,Wheat,301,232,35,20-20
27,48,40,Loamy,Wheat,652,108,26,20-20
20,65,32,Loamy,Wheat,182,43,10,28-28
18,75,30,Sandy,Wheat,729,57,15,20-20
15,77,32,Clayey,Wheat,437,141,33,28-28
19,66,36,Loamy,Wheat,621,35,32,Urea
25,43,39,Loamy,Wheat,349,56,29,28-28
22,65,32,Clayey,Wheat,126,149,36,28-28
17,79,31,Sandy,Wheat,451,403,5,28-28
28,38,39,Loamy,Wheat,416,272,4,Urea
15,77,36,Loamy,Wheat,491,34,14,28-28
17,68,38,Loamy,Wheat,149,257,17,Urea
31,40,42,Clayey,Wheat,505,197,31,20-20
22,75,44,Loamy,Wheat,492,208,36,28-28
13,88,39,Clayey,Wheat,339,124,9,Urea
13,81,27,Loamy,Wheat,406,153,31,28-28
14,82,45,Loamy,Wheat,133,166,9,Urea
12,74,38,Clayey,Wheat,698,415,11,28-28
17,69,27,Sandy,Wheat,829,146,5,28-28
19,77,37,Sandy,Wheat,676,56,3,28-28
20,76,37,Sandy,Wheat,783,119,12,28-28
13,75,38,Clayey,Wheat,736,202,10,28-28
7,84,36,Sandy,Wheat,396,226,14,28-28
20,67,37,Sandy,Wheat,549,149,21,28-28
22,65,30,Loamy,Wheat,342,122,30,28-28
22,69,44,Loamy,Wheat,352,143,17,28-28
23,68,31,Loamy,Wheat,566,380,21,28-28
14,71,42,Black,Wheat,112,267,18,Urea
25,41,25,Loamy,Wheat,243,223,18,Urea
11,95,34,Sandy,Wheat,668,202,15,Urea
27,34,42,Loamy,Wheat,618,299,18,20-20
12,73,23,Sandy,Wheat,151,38,17,28-28
13,67,26,Clayey,Wheat,102,273,29,20-20
24,55,45,Black,Wheat,162,155,12,28-28
18,66,32,Loamy,Wheat,601,48,13,28-28
12,71,24,Loamy,Wheat,346,68,11,20-20
22,71,32,Loamy,Wheat,347,166,4,28-28
11,80,28,Sandy,Wheat,181,153,4,28-28
21,62,35,Sandy,Wheat,173,47,8,28-28
11,93,37,Sandy,Wheat,533,202,15,28-28
27,43,41,Loamy,Wheat,684,347,27,28-28
14,63,44,Sandy,Wheat,406,104,36,28-28
11,74,38,Loamy,Wheat,313,265,29,28-28
20,67,26,Loamy,Wheat,462,172,12,28-28
13,83,34,Black,Wheat,453,90,4,Urea
11,92,36,Sandy,Wheat,533,161,8,20-20
14,82,39,Black,Wheat,370,240,35,28-28
24,35,33,Red,Wheat,808,72,25,28-28
13,74,39,Sandy,Wheat,423,255,10,Urea
13,76,23,Loamy,Wheat,351,179,8,28-28
20,68,33,Sandy,Wheat,262,72,6,28-28
14,73,28,Loamy,Wheat,430,279,24,28-28
26,37,36,Red,Wheat,532,191,12,20-20
31,40,24,Sandy,Wheat,226,72,23,28-28
21,60,24,Loamy,Wheat,590,307,21,28-28
15,69,30,Loamy,Wheat,195,106,8,Urea
12,87,30,Loamy,Wheat,255,152,13,20-20
23,65,24,Loamy,Wheat,523,396,20,28-28
19,84,28,Clayey,Wheat,122,47,29,Urea
21,76,33,Red,Wheat,272,376,29,28-28
28,45,40,Clayey,Wheat,694,36,36,28-28
25,46,22,Loamy,Wheat,316,310,27,20-20
29,44,24,Loamy,Wheat,507,200,17,Urea
22,74,30,Loamy,Wheat,192,198,24,Urea
10,87,36,Black,Wheat,799,214,22,28-28
21,66,39,Clayey,Wheat,588,253,26,28-28
13,80,34,Clayey,Wheat,108,271,14,Urea
11,90,26,Loamy,Wheat,295,324,34,28-28
29,47,34,Sandy,Wheat,769,133,6,28-28
21,73,26,Sandy,Wheat,226,72,9,28-28
11,86,41,Black,Wheat,323,90,19,Urea
10,75,26,Clayey,Wheat,237,53,34,28-28
13,70,31,Clayey,Wheat,157,52,8,Urea
27,40,34,Loamy,Wheat,204,140,7,28-28
13,71,29,Black,Wheat,664,313,19,28-28
11,85,42,Black,Wheat,174,111,17,Urea
8,81,37,Sandy,Wheat,322,339,11,28-28
14,89,25,Loamy,Wheat,558,81,9,28-28
10,76,34,Loamy,Wheat,832,314,20,20-20
15,70,29,Sandy,Wheat,518,59,26,28-28
11,73,40,Loamy,Wheat,453,179,12,28-28
13,85,34,Clayey,Wheat,106,90,16,28-28
23,65,40,Clayey,Wheat,436,74,20,Urea
14,66,34,Loamy,Wheat,522,35,6,20-20
10,74,28,Red,Wheat,226,108,3,Urea
9,86,39,Loamy,Wheat,557,302,5,Urea
13,84,35,Sandy,Wheat,525,307,6,Urea
28,36,38,Clayey,Wheat,835,265,22,Urea
19,70,33,Clayey,Wheat,125,57,30,28-28
9,77,37,Sandy,Wheat,520,401,4,28-28
12,69,29,Loamy,Wheat,192,103,18,Urea
21,61,39,Loamy,Paddy,172,117,14,Urea
26,68,39,Loamy,Paddy,177,409,5,Urea
24,72,51,Loamy,Paddy,166,76,36,Urea
28,82,44,Loamy,Paddy,394,318,29,Urea
30,81,48,Loamy,Paddy,110,287,9,28-28
33,82,44,Clayey,Paddy,412,336,8,28-28
31,80,51,Red,Paddy,376,39,12,Urea
28,86,47,Black,Paddy,334,134,19,Urea
32,44,36,Loamy,Paddy,633,266,16,Urea
23,77,50,Sandy,Paddy,110,91,13,Urea
28,77,47,Clayey,Paddy,123,267,15,Urea
31,57,36,Black,Paddy,421,155,31,Urea
34,51,48,Loamy,Paddy,172,122,4,Urea
30,78,55,Black,Paddy,551,132,29,Urea
29,83,54,Loamy,Paddy,121,341,23,Urea
28,78,51,Clayey,Paddy,447,225,19,Urea
31,80,40,Sandy,Paddy,435,229,14,Urea
24,63,43,Clayey,Paddy,726,165,8,28-28
25,53,38,Clayey,Paddy,357,132,16,Urea
32,48,39,Clayey,Paddy,595,216,10,Urea
29,81,40,Clayey,Paddy,312,217,5,Urea
27,89,47,Sandy,Paddy,342,134,16,Urea
29,72,52,Loamy,Paddy,390,66,28,Urea
30,73,39,Sandy,Paddy,782,99,14,Urea
24,77,49,Loamy,Paddy,175,248,24,Urea
30,80,43,Loamy,Paddy,138,145,31,Urea
28,80,48,Clayey,Paddy,208,217,6,Urea
25,75,47,Red,Paddy,504,227,22,Urea
26,75,40,Loamy,Paddy,628,44,21,Urea
25,71,35,Loamy,Paddy,289,56,19,28-28
24,73,39,Clayey,Paddy,815,56,5,Urea
29,77,53,Loamy,Paddy,252,146,15,Urea
26,69,39,Sandy,Paddy,607,371,6,28-28
29,88,46,Loamy,Paddy,335,211,7,Urea
25,82,48,Sandy,Paddy,402,33,19,Urea
25,68,47,Loamy,Paddy,613,44,35,Urea
26,75,40,Clayey,Paddy,276,129,6,28-28
29,77,46,Sandy,Paddy,117,102,5,Urea
27,68,45,Loamy,Paddy,407,69,25,Urea
24,80,38,Sandy,Paddy,294,338,30,28-28
25,66,42,Loamy,Paddy,716,401,20,Urea
31,81,47,Clayey,Paddy,326,304,7,28-28
27,74,54,Sandy,Paddy,575,182,19,Urea
29,78,44,Loamy,Paddy,833,69,4,28-28
25,65,40,Clayey,Paddy,438,252,24,28-28
24,81,41,Sandy,Paddy,177,57,3,Urea
28,72,54,Loamy,Paddy,462,129,15,Urea
27,82,52,Loamy,Paddy,94,199,3,28-28
29,77,36,Clayey,Paddy,188,225,32,Urea
28,80,54,Loamy,Paddy,491,45,14,Urea
30,79,54,Loamy,Paddy,172,337,10,Urea
32,52,41,Loamy,Paddy,194,184,4,Urea
30,53,51,Black,Paddy,393,41,19,Urea
34,48,41,Loamy,Paddy,174,40,18,Urea
33,49,51,Clayey,Paddy,729,82,16,Urea
30,81,42,Loamy,Paddy,524,403,31,Urea
24,67,47,Clayey,Paddy,227,333,29,Urea
28,68,46,Loamy,Paddy,373,239,23,Urea
34,80,37,Sandy,Paddy,483,280,10,Urea
22,68,44,Loamy,Paddy,459,102,16,Urea
30,77,52,Loamy,Paddy,113,167,24,Urea
26,75,38,Loamy,Paddy,755,58,22,Urea
30,80,36,Clayey,Paddy,467,372,9,28-28
24,71,47,Loamy,Paddy,509,100,11,28-28
28,86,52,Loamy,Paddy,279,225,7,Urea
27,75,52,Loamy,Paddy,499,292,5,Urea
30,77,43,Red,Paddy,401,226,15,Urea
28,73,43,Loamy,Paddy,484,94,12,Urea
30,45,50,Sandy,Paddy,272,192,5,28-28
28,80,48,Red,Paddy,820,221,15,Urea
31,76,39,Black,Paddy,109,273,35,Urea
29,69,46,Loamy,Paddy,197,354,13,Urea
33,57,49,Loamy,Paddy,229,300,9,Urea
24,76,36,Black,Paddy,218,207,4,20-20
28,81,42,Clayey,Paddy,807,162,6,28-28
36,46,52,Loamy,Paddy,646,71,5,Urea
28,81,51,Sandy,Paddy,189,107,15,Urea
26,76,46,Loamy,Paddy,168,323,14,Urea
34,40,52,Sandy,Paddy,515,172,29,Urea
22,69,47,Sandy,Paddy,361,186,33,Urea
26,61,48,Clayey,Paddy,373,331,12,Urea
33,44,40,Sandy,Paddy,122,70,27,Urea
24,73,49,Clayey,Paddy,756,231,15,28-28
28,83,45,Sandy,Paddy,502,217,10,28-28
34,56,46,Loamy,Paddy,815,78,18,Urea
30,86,49,Loamy,Paddy,456,365,6,Urea
27,76,47,Loamy,Paddy,486,180,26,Urea
28,71,37,Sandy,Paddy,223,245,7,28-28
29,46,44,Loamy,Paddy,685,48,15,28-28
31,80,50,Loamy,Paddy,188,152,4,28-28
27,76,52,Loamy,Paddy,424,238,27,Urea
32,82,38,Sandy,Paddy,284,405,4,Urea
31,42,50,Loamy,Paddy,261,294,26,Urea
32,50,43,Black,Paddy,576,277,22,Urea
29,79,55,Loamy,Paddy,234,392,3,28-28
32,54,53,Loamy,Paddy,258,104,23,Urea
25,66,49,Sandy,Paddy,811,105,11,17-17-17
30,75,43,Clayey,Paddy,584,149,12,Urea
29,55,43,Loamy,Paddy,378,314,22,Urea
34,51,49,Sandy,Paddy,305,257,37,Urea
32,51,51,Sandy,Paddy,753,368,4,Urea
29,78,43,Loamy,Paddy,493,229,18,Urea
29,79,36,Sandy,Paddy,427,59,29,Urea
30,44,49,Loamy,Paddy,324,244,14,Urea
29,68,46,Loamy,Paddy,704,165,13,Urea
31,83,53,Black,Paddy,104,283,37,Urea
31,84,45,Sandy,Paddy,202,224,8,Urea
29,38,38,Loamy,Paddy,361,69,4,28-28
31,85,41,Loamy,Paddy,829,44,11,Urea
34,55,47,Sandy,Paddy,568,354,26,Urea
29,81,51,Sandy,Paddy,738,105,14,Urea
25,67,40,Sandy,Paddy,778,110,29,Urea
23,63,51,Clayey,Paddy,573,151,28,Urea
30,77,43,Sandy,Paddy,754,285,12,Urea
30,58,48,Loamy,Paddy,408,202,6,Urea
31,42,35,Loamy,Paddy,367,320,14,Urea
29,73,46,Red,Paddy,622,83,29,Urea
29,84,42,Sandy,Paddy,292,127,24,Urea
28,81,43,Sandy,Paddy,801,75,31,Urea
23,58,48,Clayey,Paddy,800,80,34,Urea
27,74,50,Black,Paddy,810,402,9,Urea
36,53,38,Loamy,Paddy,315,408,10,Urea
29,79,35,Clayey,Paddy,708,53,16,Urea
28,84,52,Loamy,Paddy,91,404,7,28-28
24,65,42,Clayey,Paddy,343,287,4,Urea
30,78,45,Sandy,Paddy,299,76,27,Urea
26,53,40,Loamy,Paddy,299,275,7,Urea
31,51,48,Loamy,Paddy,335,274,35,20-20
36,55,37,Loamy,Paddy,271,131,21,Urea
32,47,42,Sandy,Paddy,299,73,14,Urea
32,47,40,Loamy,Paddy,272,141,4,Urea
33,82,47,Sandy,Paddy,651,381,34,Urea
25,58,44,Loamy,Paddy,267,206,18,28-28
29,72,44,Loamy,Paddy,555,181,16,20-20
32,89,44,Loamy,Paddy,507,232,13,Urea
25,70,52,Loamy,Paddy,179,301,6,Urea
24,70,38,Sandy,Paddy,361,89,9,Urea
25,75,38,Sandy,Paddy,335,75,17,Urea
24,92,41,Sandy,Paddy,534,59,22,Urea
30,85,52,Sandy,Paddy,330,39,9,20-20
30,77,52,Loamy,Paddy,380,127,36,Urea
23,65,38,Loamy,Paddy,407,285,26,Urea
26,71,36,Loamy,Paddy,339,91,21,Urea
29,86,52,Sandy,Paddy,551,268,23,28-28
24,71,51,Sandy,Paddy,273,136,6,28-28
22,66,52,Loamy,Paddy,324,85,37,Urea
35,52,47,Loamy,Paddy,522,96,7,Urea
29,78,45,Sandy,Paddy,386,86,15,28-28
25,75,41,Sandy,Paddy,764,409,20,Urea
26,69,45,Loamy,Paddy,702,197,15,Urea
27,63,39,Sandy,Paddy,527,157,10,Urea
24,67,41,Sandy,Paddy,524,99,21,Urea
34,46,38,Sandy,Paddy,317,302,21,Urea
30,46,39,Loamy,Paddy,335,81,24,Urea
28,85,54,Sandy,Paddy,172,167,9,Urea
33,47,37,Loamy,Paddy,161,184,12,Urea
35,81,45,Loamy,Paddy,721,394,24,Urea
25,60,44,Sandy,Paddy,643,83,6,28-28
26,77,49,Loamy,Paddy,480,315,7,28-28
33,73,43,Sandy,Paddy,719,339,3,Urea
29,79,52,Clayey,Paddy,809,107,8,Urea
29,86,38,Clayey,Paddy,171,265,16,Urea
29,79,36,Black,Paddy,199,46,22,Urea
30,78,50,Sandy,Paddy,144,49,31,Urea
33,48,45,Loamy,Paddy,279,138,11,Urea
23,67,50,Clayey,Paddy,265,285,14,Urea
33,59,40,Clayey,Paddy,115,99,23,Urea
28,83,37,Black,Paddy,473,263,18,Urea
32,43,44,Sandy,Paddy,492,364,37,Urea
29,91,40,Loamy,Paddy,802,183,14,Urea
21,73,40,Loamy,Paddy,285,88,5,Urea
26,74,37,Loamy,Paddy,352,298,12,Urea
34,51,51,Loamy,Paddy,168,208,9,Urea
26,65,36,Clayey,Paddy,502,245,4,Urea
26,68,42,Sandy,Paddy,98,222,9,20-20
33,46,45,Loamy,Paddy,548,260,30,Urea
24,71,51,Sandy,Paddy,250,183,15,Urea
25,63,53,Loamy,Paddy,465,311,32,Urea
33,54,45,Sandy,Paddy,259,58,31,Urea
24,65,40,Sandy,Paddy,594,73,17,Urea
30,87,41,Sandy,Paddy,515,185,23,Urea
32,46,38,Loamy,Paddy,290,247,8,Urea
29,83,55,Loamy,Paddy,502,118,19,Urea
26,58,47,Sandy,Paddy,474,407,5,Urea
23,67,43,Loamy,Paddy,200,219,33,Urea
35,53,43,Loamy,Paddy,410,176,31,Urea
27,80,43,Sandy,Paddy,212,238,17,Urea
32,82,47,Sandy,Paddy,496,63,7,28-28
30,80,50,Sandy,Paddy,679,58,27,Urea
29,78,48,Loamy,Paddy,274,114,24,Urea
29,86,47,Clayey,Paddy,453,136,10,Urea
29,77,53,Clayey,Paddy,762,49,19,Urea
32,85,42,Clayey,Paddy,319,145,14,Urea
29,83,37,Loamy,Paddy,379,205,11,Urea
27,89,40,Sandy,Paddy,148,82,12,Urea
27,77,54,Loamy,Paddy,203,119,19,Urea
25,86,35,Sandy,Paddy,661,190,20,Urea
36,54,55,Loamy,Paddy,449,260,21,Urea
31,52,50,Clayey,Paddy,422,101,13,Urea
26,86,49,Sandy,Paddy,460,120,24,Urea
27,83,47,Loamy,Paddy,763,363,21,28-28
30,77,49,Sandy,Paddy,192,138,24,Urea
30,78,46,Loamy,Paddy,439,104,30,Urea
29,84,39,Clayey,Paddy,551,324,28,Urea
33,49,36,Loamy,Paddy,262,383,22,Urea
31,72,50,Black,Paddy,428,288,31,Urea
28,89,35,Clayey,Paddy,274,74,10,17-17-17
23,88,45,Loamy,Paddy,448,280,7,Urea
34,83,48,Loamy,Paddy,528,39,33,Urea
27,86,43,Loamy,Paddy,362,182,28,Urea
29,48,47,Loamy,Paddy,86,247,3,28-28
29,74,49,Sandy,Paddy,144,147,22,20-20
28,83,52,Clayey,Paddy,208,46,34,Urea
36,41,52,Clayey,Paddy,354,33,15,Urea
22,60,40,Loamy,Paddy,439,362,12,Urea
28,78,53,Loamy,Paddy,344,105,16,Urea
32,84,44,Clayey,Paddy,406,161,12,Urea
29,69,49,Loamy,Paddy,480,381,26,Urea
32,75,46,Clayey,Paddy,722,414,34,Urea
27,71,44,Sandy,Paddy,821,73,21,Urea
33,54,48,Loamy,Paddy,107,153,37,Urea
30,74,36,Loamy,Paddy,148,155,8,Urea
33,45,38,Clayey,Paddy,474,107,15,Urea
29,80,36,Loamy,Paddy,424,248,33,Urea
22,67,39,Loamy,Paddy,187,34,8,Urea
29,86,41,Loamy,Paddy,157,216,22,Urea
31,79,49,Clayey,Paddy,556,364,27,Urea
24,73,47,Sandy,Paddy,172,99,34,Urea
24,63,36,Loamy,Paddy,536,283,23,Urea
26,82,43,Sandy,Paddy,487,42,11,28-28
33,52,46,Loamy,Paddy,355,277,27,Urea
22,70,48,Sandy,Paddy,526,120,18,Urea
28,76,41,Loamy,Paddy,367,344,9,Urea
30,54,43,Black,Paddy,378,65,30,Urea
36,53,43,Black,Paddy,417,157,9,28-28
26,70,46,Loamy,Paddy,354,104,3,Urea
32,52,38,Loamy,Paddy,414,306,36,Urea
27,79,53,Black,Paddy,249,133,22,Urea
26,70,42,Loamy,Paddy,578,130,9,Urea
22,68,35,Loamy,Paddy,520,280,30,Urea
24,70,45,Sandy,Paddy,272,90,19,Urea
27,78,48,Clayey,Paddy,256,47,11,Urea
26,79,55,Loamy,Paddy,540,131,33,Urea
28,90,42,Loamy,Paddy,806,36,34,Urea
29,86,41,Loamy,Paddy,548,296,21,Urea
27,83,36,Black,Paddy,561,364,4,Urea
28,62,43,Sandy,Paddy,357,266,24,Urea
25,64,51,Loamy,Paddy,116,387,10,Urea
30,57,45,Sandy,Paddy,182,200,13,Urea
22,74,47,Sandy,Paddy,433,196,8,28-28
33,81,36,Loamy,Paddy,327,388,5,Urea
29,68,37,Loamy,Paddy,149,298,31,Urea
29,80,55,Sandy,Paddy,429,99,4,28-28
25,73,49,Black,Paddy,147,321,36,Urea
32,49,36,Sandy,Paddy,833,60,24,Urea
26,81,36,Loamy,Paddy,352,358,27,Urea
35,42,44,Loamy,Paddy,790,322,33,Urea
31,54,55,Red,Paddy,441,289,37,Urea
29,70,48,Loamy,Paddy,507,253,8,Urea
20,72,38,Loamy,Paddy,270,351,26,Urea
27,72,35,Sandy,Paddy,720,326,10,Urea
23,66,36,Loamy,Paddy,476,115,28,Urea
31,81,38,Sandy,Paddy,558,66,24,Urea
30,76,45,Red,Paddy,267,154,17,28-28
27,71,48,Sandy,Paddy,567,172,31,Urea
24,68,39,Loamy,Paddy,369,136,26,Urea
24,71,45,Loamy,Paddy,384,340,17,Urea
28,84,46,Clayey,Paddy,683,63,9,28-28
22,66,47,Loamy,Paddy,403,336,14,Urea
30,82,44,Sandy,Paddy,509,201,35,Urea
31,45,40,Black,Paddy,679,59,27,Urea
28,83,40,Loamy,Paddy,281,377,16,Urea
32,78,49,Loamy,Paddy,255,321,8,Urea
29,49,54,Sandy,Paddy,711,138,8,Urea
22,76,53,Loamy,Paddy,122,146,29,Urea
28,84,54,Loamy,Paddy,199,163,14,Urea
31,71,48,Sandy,Paddy,351,301,28,Urea
30,70,49,Loamy,Paddy,449,236,14,Urea
24,70,47,Loamy,Paddy,183,202,5,28-28
23,72,40,Clayey,Paddy,131,115,34,Urea
31,60,35,Loamy,Paddy,474,39,3,Urea
26,83,51,Red,Paddy,637,118,5,Urea
30,74,48,Sandy,Paddy,589,208,6,Urea
28,76,42,Sandy,Paddy,746,251,27,Urea
29,50,43,Clayey,Paddy,835,340,26,Urea
29,76,47,Clayey,Paddy,120,159,10,Urea
29,65,41,Loamy,Paddy,126,226,13,Urea
28,49,54,Loamy,Paddy,261,288,19,Urea
27,67,37,Black,Paddy,135,94,21,Urea
26,90,36,Sandy,Paddy,187,397,8,20-20
30,80,53,Black,Paddy,775,373,10,28-28
26,62,37,Clayey,Paddy,150,104,6,Urea
32,51,51,Clayey,Paddy,508,381,32,Urea
27,67,40,Clayey,Paddy,373,104,13,Urea
33,83,50,Red,Paddy,446,108,18,Urea
29,77,37,Clayey,Paddy,164,309,31,Urea
29,77,43,Clayey,Paddy,757,160,32,Urea
24,66,40,Sandy,Paddy,823,130,4,20-20
33,45,44,Red,Paddy,282,309,10,28-28
26,85,38,Clayey,Paddy,608,119,12,Urea
23,71,37,Sandy,Paddy,541,233,4,28-28
24,66,52,Sandy,Paddy,363,130,10,20-20
26,79,50,Loamy,Paddy,479,180,10,28-28
31,78,48,Black,Paddy,791,116,6,28-28
31,81,41,Loamy,Paddy,443,293,4,Urea
30,84,53,Sandy,Paddy,804,175,5,Urea
35,49,48,Sandy,Paddy,617,210,24,Urea
27,82,48,Sandy,Paddy,390,114,8,Urea
37,42,51,Sandy,Paddy,592,215,36,Urea
27,64,35,Red,Paddy,200,166,16,Urea
28,86,48,Sandy,Paddy,96,248,32,Urea
26,71,53,Loamy,Paddy,221,148,10,Urea
25,78,37,Black,Paddy,467,419,11,Urea
27,72,38,Loamy,Paddy,295,251,12,Urea
27,72,42,Loamy,Paddy,823,307,24,Urea
31,74,38,Red,Paddy,355,267,16,Urea
27,81,45,Loamy,Paddy,163,89,29,28-28
30,82,49,Loamy,Paddy,358,176,5,Urea
29,73,49,Sandy,Paddy,552,56,29,Urea
28,85,52,Loamy,Paddy,290,401,11,Urea
27,71,45,Loamy,Paddy,302,250,13,Urea
29,84,38,Sandy,Paddy,379,132,31,Urea
33,48,51,Loamy,Paddy,503,302,12,Urea
31,57,42,Sandy,Paddy,593,64,29,Urea
29,80,47,Clayey,Paddy,675,127,17,Urea
30,80,54,Sandy,Paddy,438,229,17,Urea
31,50,55,Clayey,Paddy,327,396,23,Urea
27,82,49,Sandy,Paddy,458,412,4,28-28
34,52,52,Sandy,Paddy,656,105,22,Urea
30,83,53,Sandy,Paddy,780,304,22,Urea
26,79,52,Loamy,Paddy,470,293,9,Urea
28,80,37,Red,Paddy,744,221,24,Urea
29,81,45,Sandy,Paddy,405,54,30,Urea
29,83,41,Clayey,Paddy,118,397,32,28-28
30,72,39,Black,Paddy,529,102,18,Urea
32,48,51,Loamy,Paddy,471,104,7,28-28
28,81,54,Loamy,Paddy,540,79,7,Urea
30,84,38,Clayey,Paddy,755,115,14,Urea
22,78,37,Black,Paddy,134,276,3,Urea
24,61,46,Clayey,Paddy,450,244,22,Urea
27,77,52,Loamy,Paddy,254,262,6,Urea
27,78,48,Black,Paddy,672,52,32,Urea
34,40,46,Loamy,Paddy,661,218,6,Urea
32,57,44,Loamy,Paddy,745,200,16,Urea
27,84,43,Loamy,Paddy,353,219,4,Urea
31,80,46,Sandy,Paddy,226,84,33,Urea
25,65,43,Clayey,Paddy,425,69,7,Urea
33,45,35,Loamy,Paddy,576,226,15,Urea
29,85,54,Red,Paddy,151,205,4,Urea
28,83,55,Black,Paddy,213,261,20,Urea
31,43,38,Clayey,Paddy,748,78,34,Urea
33,74,38,Clayey,Paddy,90,110,31,Urea
28,50,42,Loamy,Paddy,138,190,13,Urea
28,78,36,Loamy,Paddy,317,34,34,Urea
28,79,51,Sandy,Paddy,490,330,24,Urea
31,57,46,Loamy,Paddy,494,243,7,28-28
28,83,49,Sandy,Paddy,474,232,35,Urea
31,60,38,Loamy,Paddy,117,125,13,Urea
32,47,51,Red,Paddy,302,237,10,28-28
27,72,51,Clayey,Paddy,201,87,10,Urea
30,76,51,Clayey,Paddy,653,190,18,Urea
28,76,39,Loamy,Paddy,126,92,32,28-28
27,61,47,Red,Paddy,648,405,35,Urea
24,66,50,Clayey,Paddy,762,289,27,Urea
27,81,37,Sandy,Paddy,329,44,13,Urea
33,45,51,Sandy,Paddy,833,78,12,Urea
28,84,40,Loamy,Paddy,160,68,32,Urea
33,50,48,Sandy,Paddy,565,259,25,Urea
26,84,54,Sandy,Paddy,182,242,3,Urea
33,56,50,Loamy,Paddy,314,138,5,Urea
28,86,54,Loamy,Paddy,508,194,14,Urea
23,64,40,Sandy,Paddy,254,109,16,Urea
27,84,54,Loamy,Paddy,451,393,4,20-20
28,83,44,Black,Paddy,107,377,8,Urea
23,69,41,Sandy,Paddy,552,220,16,Urea
24,68,43,Clayey,Paddy,383,265,7,Urea
29,87,36,Loamy,Paddy,90,200,34,Urea
24,59,47,Clayey,Paddy,275,305,6,Urea
27,79,52,Sandy,Paddy,740,113,28,Urea
32,87,46,Sandy,Paddy,172,106,23,Urea
29,82,51,Loamy,Paddy,814,239,21,Urea
28,69,42,Black,Paddy,529,358,14,Urea
26,80,42,Sandy,Paddy,298,335,6,Urea
30,46,51,Clayey,Paddy,738,400,25,28-28
28,91,47,Loamy,Paddy,469,222,13,Urea
33,82,51,Sandy,Paddy,150,48,15,Urea
33,42,46,Loamy,Paddy,432,78,5,Urea
32,46,54,Loamy,Paddy,415,143,21,Urea
29,76,42,Sandy,Paddy,401,214,27,Urea
21,71,52,Loamy,Paddy,828,82,7,Urea
33,53,36,Sandy,Paddy,455,270,12,Urea
26,75,49,Loamy,Paddy,383,198,5,20-20
26,86,37,Loamy,Paddy,371,192,33,Urea
26,71,41,Loamy,Paddy,287,348,9,Urea
28,84,37,Loamy,Paddy,771,238,34,Urea
24,74,45,Loamy,Paddy,321,70,14,Urea
30,68,36,Clayey,Paddy,397,333,8,Urea
22,67,50,Red,Paddy,780,165,10,28-28
31,88,51,Clayey,Paddy,298,296,32,Urea
34,44,51,Red,Paddy,181,210,5,Urea
32,70,40,Loamy,Maize,498,263,28,28-28
31,98,37,Clayey,Maize,602,407,17,20-20
29,84,47,Sandy,Maize,252,413,5,20-20
30,53,45,Loamy,Maize,717,257,11,Urea
32,48,37,Black,Maize,307,75,30,28-28
34,40,54,Loamy,Maize,344,138,14,20-20
28,83,37,Clayey,Maize,111,198,17,28-28
26,70,47,Loamy,Maize,452,202,22,Urea
28,82,52,Loamy,Maize,442,112,23,Urea
29,75,50,Sandy,Maize,555,54,19,28-28
33,49,40,Clayey,Maize,774,85,36,20-20
27,87,55,Loamy,Maize,328,268,16,28-28
29,79,40,Loamy,Maize,517,223,13,Urea
32,78,48,Sandy,Maize,427,192,21,28-28
29,74,42,Loamy,Maize,801,199,16,20-20
28,80,46,Loamy,Maize,499,251,6,Urea
26,88,50,Sandy,Maize,232,271,13,Urea
30,43,41,Sandy,Maize,349,93,24,Urea
32,45,39,Sandy,Maize,806,106,5,28-28
31,79,46,Loamy,Maize,307,276,4,Urea
31,70,54,Loamy,Maize,739,196,14,20-20
29,75,54,Clayey,Maize,303,106,4,28-28
30,80,39,Sandy,Maize,440,77,8,28-28
29,87,39,Black,Maize,661,368,12,28-28
27,70,45,Loamy,Maize,633,349,20,20-20
24,86,40,Clayey,Maize,277,211,31,28-28
28,81,38,Black,Maize,207,60,4,Urea
28,78,49,Loamy,Maize,207,94,18,28-28
30,47,43,Clayey,Maize,193,38,8,Urea
26,86,51,Clayey,Maize,651,87,22,28-28
32,59,45,Loamy,Maize,484,85,18,28-28
27,79,45,Sandy,Maize,663,148,34,28-28
32,45,49,Loamy,Maize,546,147,22,28-28
27,83,51,Red,Maize,147,247,10,Urea
26,75,53,Loamy,Maize,699,67,18,Urea
27,78,48,Clayey,Maize,679,170,10,Urea
26,76,50,Red,Maize,819,410,28,Urea
29,91,47,Clayey,Maize,394,321,10,28-28
32,70,37,Loamy,Maize,332,174,11,28-28
31,48,39,Loamy,Maize,276,89,5,20-20
27,77,43,Clayey,Maize,560,96,14,28-28
32,82,45,Loamy,Maize,505,270,5,28-28
34,51,37,Sandy,Maize,119,174,20,Urea
28,79,51,Sandy,Maize,795,325,10,28-28
26,67,37,Loamy,Maize,571,199,14,28-28
28,79,37,Loamy,Maize,482,41,22,Urea
29,73,45,Sandy,Maize,185,145,13,20-20
25,76,36,Loamy,Maize,203,63,5,28-28
28,88,39,Clayey,Maize,296,174,22,Urea
30,78,38,Loamy,Maize,162,355,35,28-28
33,53,45,Sandy,Maize,502,254,8,28-28
27,84,52,Red,Maize,339,74,7,Urea
30,83,40,Sandy,Maize,324,213,4,Urea
29,83,45,Loamy,Maize,576,303,10,20-20
29,81,40,Loamy,Maize,512,149,27,28-28
33,53,40,Clayey,Maize,497,195,9,28-28
28,79,48,Clayey,Maize,538,194,4,Urea
31,74,51,Loamy,Maize,590,57,23,28-28
30,70,53,Loamy,Maize,447,373,4,28-28
31,81,37,Sandy,Maize,337,53,29,Urea
29,72,51,Sandy,Maize,290,202,28,28-28
32,78,45,Sandy,Maize,488,187,6,28-28
26,82,35,Loamy,Maize,330,107,21,28-28
33,40,49,Clayey,Maize,109,364,3,Urea
31,73,42,Loamy,Maize,152,185,12,28-28
28,64,45,Clayey,Maize,337,62,5,20-20
26,71,45,Loamy,Maize,267,317,7,Urea
33,51,41,Red,Maize,109,371,27,Urea
27,82,55,Black,Maize,734,70,18,Urea
27,69,44,Sandy,Maize,549,85,10,28-28
26,77,43,Clayey,Maize,807,76,22,20-20
28,75,39,Loamy,Maize,534,89,22,Urea
30,88,45,Loamy,Maize,272,251,22,28-28
29,51,37,Loamy,Maize,523,300,11,28-28
30,74,51,Sandy,Maize,148,172,36,28-28
31,87,35,Loamy,Maize,712,49,15,28-28
33,46,35,Red,Maize,159,253,26,Urea
34,51,49,Loamy,Maize,86,72,29,20-20
29,79,49,Sandy,Maize,572,192,15,Urea
34,53,38,Sandy,Maize,431,396,10,20-20
32,53,53,Loamy,Maize,219,82,8,20-20
31,55,36,Loamy,Maize,198,104,14,28-28
25,82,53,Loamy,Maize,456,339,33,28-28
32,86,45,Loamy,Maize,154,75,6,Urea
27,81,36,Sandy,Maize,761,233,21,Urea
30,79,42,Sandy,Maize,654,94,8,28-28
28,86,35,Loamy,Maize,368,114,26,20-20
28,77,53,Loamy,Maize,366,265,30,Urea
32,41,41,Loamy,Maize,362,255,28,Urea
27,72,38,Clayey,Maize,293,341,33,20-20
30,81,53,Sandy,Maize,144,119,36,Urea
33,45,55,Loamy,Maize,451,195,23,28-28
32,51,45,Sandy,Maize,759,276,29,28-28
32,82,39,Sandy,Maize,85,261,4,28-28
34,49,39,Black,Maize,540,417,21,28-28
24,78,52,Sandy,Maize,381,204,28,Urea
31,60,48,Sandy,Maize,511,121,13,28-28
28,84,45,Red,Maize,88,241,5,Urea
30,82,49,Sandy,Maize,244,211,29,28-28
30,77,54,Sandy,Maize,461,263,11,Urea
27,82,47,Loamy,Maize,237,71,20,28-28
28,77,41,Red,Maize,303,47,8,28-28
31,83,37,Clayey,Maize,451,70,7,28-28
30,77,53,Loamy,Maize,387,114,33,Urea
26,76,45,Clayey,Maize,615,138,22,28-28
32,40,48,Loamy,Maize,350,68,30,28-28
25,78,52,Loamy,Maize,179,416,13,28-28
34,47,40,Sandy,Maize,98,66,33,20-20
28,91,42,Sandy,Maize,496,79,11,Urea
29,73,37,Loamy,Maize,714,266,27,28-28
28,89,54,Black,Maize,285,273,23,Urea
35,50,49,Loamy,Maize,481,241,5,Urea
29,75,38,Clayey,Maize,249,200,16,20-20
27,70,36,Clayey,Maize,670,327,9,Urea
33,49,44,Loamy,Maize,651,181,32,28-28
30,80,50,Loamy,Maize,101,189,30,28-28
33,73,38,Sandy,Maize,242,344,16,28-28
28,79,53,Clayey,Maize,805,61,30,20-20
28,71,39,Clayey,Maize,198,273,15,Urea
32,80,53,Sandy,Maize,471,365,3,28-28
25,77,48,Loamy,Maize,810,251,15,Urea
30,81,41,Sandy,Maize,634,248,8,28-28
30,79,50,Sandy,Maize,317,311,25,Urea
31,77,39,Loamy,Maize,240,360,8,28-28
34,46,45,Clayey,Maize,798,402,18,28-28
26,73,39,Clayey,Maize,176,387,23,28-28
28,85,46,Red,Maize,461,194,22,28-28
33,50,45,Clayey,Maize,195,45,5,20-20
28,87,51,Clayey,Maize,290,67,25,28-28
27,79,43,Black,Maize,568,193,35,Urea
28,74,40,Sandy,Maize,210,268,23,20-20
30,76,39,Clayey,Maize,362,391,6,28-28
30,84,38,Loamy,Maize,693,215,17,28-28
32,76,38,Loamy,Maize,268,301,32,Urea
30,72,52,Loamy,Maize,201,158,7,28-28
34,46,43,Sandy,Maize,477,233,4,28-28
27,85,39,Loamy,Maize,211,183,18,Urea
30,83,49,Loamy,Maize,152,241,12,Urea
33,55,53,Clayey,Maize,241,212,17,Urea
33,47,48,Sandy,Maize,418,144,21,Urea
30,85,49,Red,Maize,321,359,28,28-28
33,85,51,Loamy,Maize,775,72,36,Urea
31,44,40,Clayey,Maize,471,283,29,28-28
30,77,43,Sandy,Maize,97,410,10,Urea
30,82,54,Red,Maize,453,220,25,Urea
31,78,39,Sandy,Maize,811,381,14,Urea
32,77,53,Sandy,Maize,693,415,24,Urea
31,88,43,Black,Maize,492,358,37,28-28
32,78,54,Sandy,Maize,317,178,24,Urea
28,80,43,Sandy,Maize,172,166,7,28-28
29,75,39,Loamy,Maize,633,204,33,28-28
29,42,42,Clayey,Maize,535,416,26,Urea
31,79,42,Clayey,Maize,519,360,14,Urea
33,50,49,Loamy,Maize,830,112,28,Urea
32,80,40,Red,Maize,522,203,31,Urea
26,86,50,Loamy,Maize,505,152,31,28-28
30,47,41,Clayey,Maize,134,207,26,28-28
29,79,42,Clayey,Maize,397,98,24,28-28
31,80,45,Loamy,Maize,744,162,13,20-20
27,75,52,Sandy,Maize,346,94,16,28-28
28,81,52,Loamy,Maize,452,343,27,28-28
34,81,45,Loamy,Maize,463,184,12,Urea
28,88,37,Red,Maize,379,314,4,28-28
30,68,51,Black,Maize,814,158,13,Urea
32,46,37,Loamy,Maize,219,89,4,28-28
31,48,53,Loamy,Maize,121,396,14,Urea
28,67,51,Loamy,Maize,505,181,32,Urea
34,53,40,Loamy,Maize,522,350,6,28-28
30,85,48,Sandy,Maize,451,40,4,Urea
34,79,39,Loamy,Maize,184,79,22,Urea
31,79,37,Clayey,Maize,427,121,30,28-28
33,85,41,Clayey,Maize,489,95,10,Urea
35,49,50,Loamy,Maize,582,345,20,28-28
33,82,46,Sandy,Maize,627,50,6,28-28
32,52,53,Sandy,Maize,96,117,7,28-28
30,83,54,Loamy,Maize,153,161,4,28-28
29,76,52,Loamy,Maize,821,331,13,28-28
30,95,52,Clayey,Maize,766,414,18,Urea
31,48,53,Loamy,Maize,163,40,18,28-28
32,78,49,Loamy,Maize,374,58,23,Urea
27,91,47,Red,Maize,396,69,3,Urea
33,54,39,Loamy,Maize,221,65,21,20-20
31,47,38,Sandy,Maize,186,95,28,28-28
32,46,48,Black,Maize,241,65,22,28-28
28,77,53,Loamy,Maize,360,200,13,28-28
28,79,49,Loamy,Maize,150,258,21,Urea
25,75,55,Clayey,Maize,326,224,7,28-28
28,70,38,Loamy,Maize,716,351,34,Urea
34,85,48,Loamy,Maize,220,99,27,28-28
27,82,52,Sandy,Maize,374,325,8,28-28
27,83,36,Clayey,Maize,219,331,23,28-28
27,87,36,Clayey,Maize,181,98,20,Urea
26,71,50,Loamy,Maize,291,44,3,20-20
29,75,47,Sandy,Maize,221,402,7,28-28
33,51,36,Loamy,Maize,382,176,10,Urea
28,77,47,Clayey,Maize,416,155,9,20-20
26,77,42,Red,Maize,344,97,16,28-28
28,88,37,Clayey,Maize,729,87,11,28-28
31,84,51,Clayey,Maize,168,209,30,28-28
32,47,38,Clayey,Maize,311,105,16,Urea
26,74,44,Loamy,Maize,169,210,21,Urea
24,76,53,Clayey,Maize,149,193,8,Urea
28,64,54,Clayey,Maize,106,101,6,Urea
29,78,43,Sandy,Maize,305,108,27,28-28
28,78,37,Loamy,Maize,186,300,8,28-28
32,48,40,Clayey,Maize,419,144,22,20-20
33,44,45,Loamy,Maize,179,265,22,20-20
27,86,43,Sandy,Maize,331,251,15,28-28
26,77,39,Sandy,Maize,463,338,10,28-28
29,84,48,Clayey,Maize,688,190,17,Urea
26,75,54,Sandy,Maize,393,398,23,Urea
30,50,47,Sandy,Maize,230,254,5,Urea
29,68,43,Clayey,Maize,183,122,6,28-28
30,70,36,Loamy,Maize,516,207,29,20-20
31,44,41,Loamy,Maize,173,97,21,28-28
29,40,52,Black,Maize,786,181,21,20-20
29,83,41,Loamy,Maize,493,206,26,Urea
30,74,42,Loamy,Maize,400,103,11,28-28
29,80,39,Loamy,Maize,376,33,13,28-28
30,79,36,Sandy,Maize,476,163,10,Urea
35,49,48,Loamy,Maize,486,54,15,Urea
33,46,50,Sandy,Maize,451,415,13,28-28
31,83,49,Sandy,Maize,93,243,22,Urea
29,74,44,Loamy,Maize,102,184,4,28-28
28,85,48,Loamy,Maize,800,191,18,Urea
29,80,36,Loamy,Maize,156,146,28,Urea
28,87,55,Clayey,Maize,662,304,15,28-28
26,75,49,Loamy,Maize,386,79,25,Urea
29,80,41,Loamy,Maize,590,134,25,Urea
29,75,38,Loamy,Maize,159,187,26,28-28
26,68,51,Loamy,Maize,530,107,37,Urea
30,83,55,Loamy,Maize,476,59,21,28-28
30,78,51,Sandy,Maize,209,420,33,28-28
27,78,44,Loamy,Maize,120,198,12,28-28
32,84,55,Clayey,Maize,492,69,8,28-28
28,71,40,Loamy,Maize,363,312,15,20-20
36,45,36,Sandy,Maize,258,142,14,28-28
30,73,39,Black,Maize,538,133,9,Urea
28,91,47,Sandy,Maize,301,50,27,20-20
32,42,54,Loamy,Maize,577,408,11,Urea
29,85,41,Loamy,Maize,452,196,31,28-28
32,50,38,Loamy,Maize,702,120,21,Urea
28,77,49,Sandy,Maize,431,39,18,28-28
27,73,42,Black,Maize,423,245,8,28-28
33,40,37,Sandy,Maize,324,279,11,28-28
32,80,43,Black,Maize,651,368,23,28-28
33,49,40,Loamy,Maize,419,98,16,Urea
33,47,43,Sandy,Maize,461,111,12,28-28
28,52,48,Loamy,Maize,481,231,5,28-28
32,76,51,Loamy,Maize,303,57,31,Urea
33,46,50,Clayey,Maize,668,62,23,28-28
29,76,39,Sandy,Maize,260,126,32,Urea
29,42,35,Sandy,Maize,225,279,4,28-28
27,82,52,Loamy,Maize,546,327,17,28-28
30,54,48,Sandy,Maize,283,82,4,28-28
26,80,40,Loamy,Maize,134,385,21,Urea
30,82,43,Loamy,Maize,322,257,26,Urea
27,74,42,Red,Maize,482,119,21,28-28
30,80,47,Sandy,Maize,608,376,9,28-28
29,50,48,Loamy,Maize,510,228,32,Urea
30,82,50,Loamy,Maize,261,239,10,28-28
26,72,39,Clayey,Maize,183,98,3,28-28
28,71,44,Black,Maize,429,414,11,28-28
30,74,46,Clayey,Maize,655,80,21,Urea
24,75,38,Loamy,Maize,526,163,20,Urea
29,81,53,Sandy,Maize,179,355,16,28-28
32,81,37,Loamy,Maize,331,75,12,28-28
28,79,41,Loamy,Maize,306,185,21,20-20
29,86,43,Loamy,Maize,265,187,9,Urea
29,46,54,Loamy,Maize,838,79,7,20-20
30,57,46,Loamy,Maize,614,47,3,28-28
25,78,40,Clayey,Maize,497,140,18,Urea
29,75,45,Clayey,Maize,98,124,13,Urea
26,79,48,Loamy,Maize,763,210,13,Urea
33,48,48,Red,Maize,561,55,13,28-28
28,73,36,Sandy,Maize,839,296,14,20-20
28,66,35,Sandy,Maize,516,69,16,28-28
27,76,51,Loamy,Maize,248,259,21,28-28
27,76,51,Loamy,Maize,100,41,35,28-28
31,71,39,Loamy,Maize,201,274,20,28-28
30,76,51,Sandy,Maize,330,32,23,28-28
32,68,48,Black,Maize,389,122,5,28-28
28,78,49,Sandy,Maize,751,85,4,Urea
24,76,42,Loamy,Maize,163,83,24,28-28
32,49,38,Loamy,Maize,385,321,15,Urea
28,78,41,Sandy,Maize,191,308,21,28-28
30,82,48,Sandy,Maize,675,152,5,28-28
32,71,54,Loamy,Maize,166,225,25,20-20
32,66,43,Loamy,Maize,638,78,12,Urea
29,73,36,Sandy,Maize,496,331,23,Urea
26,78,48,Loamy,Maize,535,89,27,Urea
29,77,52,Sandy,Maize,109,358,12,28-28
31,84,51,Clayey,Maize,543,54,18,Urea
28,74,54,Loamy,Maize,215,192,9,Urea
26,83,43,Clayey,Maize,148,90,6,28-28
30,83,44,Loamy,Maize,546,204,10,Urea
34,54,49,Loamy,Maize,637,161,27,28-28
34,51,40,Sandy,Maize,648,67,4,Urea
31,49,41,Sandy,Maize,642,237,22,Urea
28,80,49,Sandy,Maize,387,58,28,28-28
28,51,45,Loamy,Maize,186,55,16,28-28
29,86,37,Loamy,Maize,746,294,20,28-28
30,90,41,Black,Maize,480,76,27,Urea
28,87,42,Loamy,Maize,535,103,7,Urea
33,49,43,Clayey,Maize,400,41,17,28-28
32,44,40,Sandy,Maize,176,68,5,Urea
26,76,45,Sandy,Maize,479,82,35,28-28
29,49,39,Sandy,Maize,574,372,20,28-28
29,90,54,Black,Maize,642,52,20,28-28
29,57,52,Loamy,Maize,334,221,3,Urea
30,89,38,Loamy,Maize,294,103,5,28-28
28,62,46,Loamy,Maize,622,245,7,28-28
31,87,38,Loamy,Maize,737,359,4,Urea
29,76,38,Sandy,Maize,634,101,12,28-28
30,90,43,Clayey,Maize,211,163,12,20-20
31,60,41,Loamy,Maize,687,41,22,Urea
28,73,51,Loamy,Maize,226,100,37,Urea
26,77,35,Sandy,Maize,141,351,27,Urea
28,75,53,Loamy,Maize,270,38,7,Urea
28,84,44,Clayey,Maize,637,329,15,Urea
30,53,45,Sandy,Maize,185,130,9,28-28
29,83,41,Loamy,Maize,551,244,27,Urea
28,88,36,Loamy,Maize,161,38,36,Urea
28,86,37,Clayey,Maize,390,80,24,28-28
30,81,39,Clayey,Maize,528,174,23,Urea
29,71,44,Sandy,Maize,399,212,30,20-20
35,77,49,Loamy,Maize,337,127,31,28-28
28,71,44,Loamy,Maize,282,33,12,Urea
25,69,55,Red,Maize,310,367,24,Urea
31,72,38,Clayey,Maize,159,75,5,28-28
30,46,47,Red,Maize,281,80,35,Urea
30,84,40,Loamy,Maize,698,341,34,28-28
28,80,50,Loamy,Maize,253,193,29,Urea
30,78,36,Loamy,Maize,667,231,4,28-28
32,89,51,Loamy,Maize,307,96,3,Urea
30,79,48,Loamy,Maize,388,79,37,Urea
29,50,51,Loamy,Maize,313,55,26,Urea
28,82,39,Clayey,Maize,287,151,27,Urea
30,84,53,Clayey,Maize,404,48,25,Urea
27,74,48,Loamy,Maize,411,97,10,28-28
26,82,42,Loamy,Maize,690,77,27,28-28
31,57,37,Clayey,Maize,276,194,5,20-20
30,79,52,Loamy,Maize,353,261,16,Urea
27,81,42,Sandy,Maize,512,213,10,Urea
28,85,39,Sandy,Maize,458,187,13,Urea
28,79,50,Loamy,Maize,215,56,4,20-20
33,52,54,Loamy,Maize,599,151,25,Urea
33,42,49,Loamy,Maize,661,142,5,Urea
29,74,51,Loamy,Maize,530,354,7,20-20
29,76,35,Red,Maize,275,359,24,20-20
29,80,39,Loamy,Maize,169,221,7,20-20
31,78,47,Loamy,Maize,609,225,5,28-28
28,86,41,Loamy,Maize,571,418,3,Urea
26,75,40,Loamy,Maize,353,192,17,28-28
32,71,36,Loamy,Maize,96,396,4,Urea
37,40,50,Clayey,Maize,486,39,32,28-28
29,80,41,Red,Maize,347,217,15,28-28
32,51,49,Black,Maize,618,316,22,28-28
28,83,44,Loamy,Maize,699,388,35,28-28
32,50,47,Loamy,Maize,175,69,20,28-28
33,86,51,Loamy,Maize,356,336,5,28-28
28,82,51,Red,Maize,406,139,25,20-20
31,87,49,Clayey,Maize,373,91,15,28-28
28,78,41,Black,Maize,257,172,6,Urea
30,81,51,Sandy,Maize,295,84,18,28-28
30,60,38,Loamy,Maize,484,210,4,28-28
30,87,42,Loamy,Maize,113,134,23,Urea
32,87,51,Clayey,Maize,453,124,14,Urea
27,73,40,Loamy,Maize,318,332,28,28-28
28,77,39,Clayey,Maize,309,252,19,Urea
29,87,50,Loamy,Maize,447,101,26,Urea
34,54,53,Loamy,Maize,590,40,27,Urea
34,43,41,Loamy,Maize,577,72,37,20-20
31,70,35,Loamy,Maize,665,133,21,28-28
30,71,54,Sandy,Maize,512,319,25,28-28
27,74,48,Sandy,Maize,692,115,33,Urea
34,88,51,Loamy,Maize,453,47,6,Urea
29,85,43,Loamy,Maize,696,298,20,28-28
29,77,47,Sandy,Maize,838,161,7,20-20
30,76,52,Black,Maize,231,97,3,28-28
30,47,38,Loamy,Maize,735,245,26,28-28
30,49,42,Loamy,Maize,695,204,12,20-20
32,51,47,Black,Maize,479,47,37,Urea
27,72,42,Sandy,Maize,119,164,3,28-28
26,77,41,Loamy,Maize,311,136,4,28-28
25,86,52,Loamy,Maize,186,68,8,20-20
32,86,55,Loamy,Maize,323,123,14,Urea
28,44,50,Clayey,Maize,689,366,10,28-28
29,85,51,Sandy,Maize,545,216,18,Urea
28,80,52,Loamy,Maize,197,293,18,28-28
33,46,39,Loamy,Maize,425,215,5,Urea
28,83,42,Red,Maize,450,183,23,Urea
26,80,55,Clayey,Maize,249,44,18,Urea
34,46,40,Sandy,Maize,209,78,6,28-28
27,78,47,Loamy,Maize,144,86,24,Urea
29,76,54,Sandy,Maize,634,323,37,Urea
31,54,48,Loamy,Maize,129,383,6,Urea
31,46,45,Loamy,Maize,482,90,21,28-28
33,78,45,Loamy,Maize,332,195,24,20-20
27,82,44,Loamy,Maize,108,101,22,28-28
33,49,45,Loamy,Cotton,137,142,29,Urea
31,49,46,Red,Cotton,755,404,9,Urea
31,40,30,Loamy,Cotton,373,117,20,20-20
29,35,32,Loamy,Cotton,284,368,26,Urea
31,45,50,Sandy,Cotton,559,164,18,28-28
33,77,46,Sandy,Cotton,494,227,23,28-28
23,69,39,Loamy,Cotton,786,264,10,28-28
28,81,54,Sandy,Cotton,160,309,27,28-28
31,59,43,Sandy,Cotton,241,65,29,Urea
28,80,54,Red,Cotton,728,276,9,Urea
26,80,50,Loamy,Cotton,382,67,14,Urea
30,35,38,Sandy,Cotton,92,414,36,Urea
33,43,44,Clayey,Cotton,386,378,6,Urea
25,66,46,Loamy,Cotton,484,227,21,Urea
22,73,53,Loamy,Cotton,647,256,22,28-28
30,90,54,Loamy,Cotton,143,336,37,Urea
24,62,37,Loamy,Cotton,232,273,17,28-28
30,74,49,Sandy,Cotton,439,59,16,Urea
33,49,49,Loamy,Cotton,101,207,13,20-20
30,83,43,Clayey,Cotton,265,101,11,20-20
31,80,39,Loamy,Cotton,551,63,17,Urea
28,68,49,Loamy,Cotton,359,270,18,Urea
27,42,42,Red,Cotton,720,276,17,Urea
30,81,39,Sandy,Cotton,719,371,30,28-28
32,76,36,Loamy,Cotton,768,350,34,Urea
35,45,24,Loamy,Cotton,491,317,22,Urea
32,72,46,Clayey,Cotton,303,163,23,28-28
29,78,44,Clayey,Cotton,576,406,34,28-28
27,84,47,Sandy,Cotton,805,90,23,20-20
32,31,40,Sandy,Cotton,137,373,15,28-28
26,74,52,Red,Cotton,552,330,5,28-28
29,38,27,Loamy,Cotton,545,37,20,Urea
31,85,47,Sandy,Cotton,281,86,21,Urea
29,82,35,Sandy,Cotton,516,38,19,28-28
25,74,48,Sandy,Cotton,784,231,37,Urea
30,81,44,Sandy,Cotton,230,74,18,Urea
27,80,43,Sandy,Cotton,679,124,27,Urea
31,52,48,Loamy,Cotton,692,172,10,Urea
28,77,54,Loamy,Cotton,482,227,18,28-28
31,46,37,Loamy,Cotton,273,121,5,Urea
26,75,52,Loamy,Cotton,448,167,16,Urea
27,39,44,Clayey,Cotton,231,389,11,Urea
29,76,38,Loamy,Cotton,720,408,8,20-20
25,66,42,Black,Cotton,117,264,14,Urea
25,58,37,Loamy,Cotton,430,84,15,Urea
30,79,50,Loamy,Cotton,317,54,8,28-28
34,48,41,Sandy,Cotton,475,91,10,Urea
25,66,50,Loamy,Cotton,265,310,16,Urea
31,77,49,Clayey,Cotton,573,172,27,28-28
22,38,25,Loamy,Cotton,374,234,20,28-28
27,35,39,Loamy,Cotton,136,213,15,Urea
25,69,48,Loamy,Cotton,143,43,29,Urea
25,43,41,Loamy,Cotton,500,70,23,Urea
34,46,41,Loamy,Cotton,757,81,36,20-20
29,41,24,Black,Cotton,530,289,20,Urea
30,44,44,Sandy,Cotton,435,39,19,Urea
25,62,51,Red,Cotton,545,48,28,Urea
33,51,53,Sandy,Cotton,556,417,35,Urea
30,86,45,Loamy,Cotton,88,248,3,Urea
26,68,52,Loamy,Cotton,425,382,37,Urea
26,41,45,Red,Cotton,347,81,6,Urea
31,80,51,Loamy,Cotton,464,157,29,Urea
26,47,40,Black,Cotton,212,236,5,28-28
32,76,54,Clayey,Cotton,624,282,21,Urea
29,87,36,Loamy,Cotton,394,277,7,28-28
38,52,50,Sandy,Cotton,411,394,3,Urea
33,80,41,Clayey,Cotton,482,102,21,Urea
26,81,48,Sandy,Cotton,169,108,11,Urea
31,38,33,Clayey,Cotton,284,296,11,Urea
31,53,46,Sandy,Cotton,585,81,21,28-28
35,53,43,Black,Cotton,198,292,36,28-28
27,76,49,Loamy,Cotton,689,209,25,Urea
28,76,42,Sandy,Cotton,330,82,24,Urea
30,32,23,Loamy,Cotton,623,88,19,Urea
33,35,50,Loamy,Cotton,229,195,14,Urea
25,33,34,Clayey,Cotton,543,273,29,28-28
29,89,53,Black,Cotton,637,173,25,Urea
31,50,27,Clayey,Cotton,181,86,5,Urea
29,43,40,Loamy,Cotton,562,248,19,Urea
33,53,53,Sandy,Cotton,494,338,36,Urea
26,82,47,Loamy,Cotton,359,197,7,Urea
28,81,54,Loamy,Cotton,563,412,6,Urea
32,34,31,Black,Cotton,494,262,26,Urea
35,54,40,Clayey,Cotton,446,37,18,Urea
26,69,38,Loamy,Cotton,349,226,7,Urea
30,41,47,Loamy,Cotton,177,134,8,Urea
28,81,46,Loamy,Cotton,542,228,32,28-28
31,35,40,Loamy,Cotton,584,205,8,28-28
32,92,42,Loamy,Cotton,676,35,26,Urea
29,76,37,Loamy,Cotton,460,219,12,Urea
34,81,36,Loamy,Cotton,630,241,31,Urea
34,52,48,Sandy,Cotton,688,95,14,Urea
28,81,36,Clayey,Cotton,195,93,33,Urea
24,76,51,Loamy,Cotton,758,171,15,Urea
28,80,40,Loamy,Cotton,275,329,21,28-28
34,44,49,Loamy,Cotton,585,262,15,Urea
30,53,48,Clayey,Cotton,801,407,17,Urea
28,43,40,Clayey,Cotton,312,126,23,Urea
32,77,41,Red,Cotton,404,390,5,Urea
28,76,52,Loamy,Cotton,519,248,34,28-28
29,51,47,Clayey,Cotton,330,98,9,Urea
31,37,31,Clayey,Cotton,184,58,23,Urea
27,61,45,Sandy,Cotton,803,296,35,Urea
22,69,39,Sandy,Cotton,512,112,26,28-28
24,58,49,Sandy,Cotton,156,325,15,28-28
31,38,26,Sandy,Cotton,458,273,9,28-28
23,78,48,Loamy,Cotton,287,149,20,Urea
33,77,42,Red,Cotton,570,342,11,Urea
34,50,51,Sandy,Cotton,515,243,4,Urea
32,39,35,Sandy,Cotton,133,271,30,Urea
29,31,44,Red,Cotton,545,310,10,Urea
29,83,42,Sandy,Cotton,107,195,8,Urea
31,32,37,Loamy,Cotton,387,318,26,Urea
29,32,33,Clayey,Cotton,728,94,31,Urea
27,63,42,Loamy,Cotton,490,77,26,Urea
34,46,37,Sandy,Cotton,648,79,34,Urea
31,48,50,Loamy,Cotton,332,201,20,Urea
33,41,40,Sandy,Cotton,633,375,11,Urea
33,39,51,Loamy,Cotton,810,76,35,Urea
28,75,52,Loamy,Cotton,98,45,13,Urea
36,40,26,Loamy,Cotton,311,237,4,Urea
22,72,53,Loamy,Cotton,802,104,35,28-28
34,51,38,Clayey,Cotton,483,263,8,Urea
35,47,24,Red,Cotton,123,83,28,Urea
26,39,36,Clayey,Cotton,486,118,18,Urea
26,72,47,Loamy,Cotton,265,76,14,Urea
27,80,46,Loamy,Cotton,205,144,9,20-20
27,75,45,Red,Cotton,399,76,14,28-28
32,41,22,Loamy,Cotton,361,260,31,Urea
28,80,46,Loamy,Cotton,256,235,10,Urea
25,69,41,Clayey,Cotton,590,79,13,Urea
28,67,52,Sandy,Cotton,266,317,28,Urea
29,34,35,Clayey,Cotton,117,380,12,28-28
38,56,38,Loamy,Cotton,653,73,8,Urea
29,80,49,Loamy,Cotton,782,311,24,Urea
28,81,54,Sandy,Cotton,544,328,14,Urea
30,78,42,Sandy,Cotton,592,328,10,Urea
31,78,46,Clayey,Cotton,245,42,9,Urea
29,79,53,Sandy,Cotton,369,125,26,Urea
27,39,24,Clayey,Cotton,203,118,23,28-28
26,69,49,Loamy,Cotton,324,279,24,Urea
33,47,49,Loamy,Cotton,304,136,25,Urea
29,34,39,Loamy,Cotton,399,184,7,28-28
30,82,54,Black,Cotton,269,114,26,Urea
31,77,40,Sandy,Cotton,620,229,15,28-28
24,71,48,Sandy,Cotton,523,289,3,28-28
25,46,41,Clayey,Cotton,382,319,5,28-28
29,84,55,Loamy,Cotton,409,127,4,28-28
24,42,25,Clayey,Cotton,281,114,17,Urea
32,74,48,Loamy,Cotton,218,149,7,Urea
23,65,43,Sandy,Cotton,204,48,37,Urea
30,42,29,Clayey,Cotton,192,164,19,Urea
29,82,50,Black,Cotton,349,63,16,Urea
29,83,38,Sandy,Cotton,729,400,7,Urea
27,55,51,Sandy,Cotton,831,139,24,28-28
29,34,28,Loamy,Cotton,578,45,18,28-28
25,86,48,Loamy,Cotton,241,322,5,Urea
25,47,26,Loamy,Cotton,808,79,37,Urea
33,47,52,Sandy,Cotton,202,106,29,Urea
26,60,47,Loamy,Cotton,246,282,20,28-28
23,71,41,Sandy,Cotton,838,85,18,28-28
27,85,54,Loamy,Cotton,435,121,21,Urea
33,47,42,Loamy,Cotton,699,53,17,Urea
31,79,41,Red,Cotton,423,97,14,Urea
29,40,38,Loamy,Cotton,517,176,10,Urea
27,67,39,Sandy,Cotton,280,380,17,28-28
27,78,49,Loamy,Cotton,281,182,34,20-20
28,62,52,Loamy,Cotton,123,275,19,Urea
33,82,36,Clayey,Cotton,649,214,19,Urea
28,69,37,Clayey,Cotton,542,130,10,28-28
30,79,47,Loamy,Cotton,266,107,15,20-20
23,66,51,Loamy,Cotton,812,278,26,Urea
31,34,37,Loamy,Cotton,294,104,24,Urea
23,64,48,Clayey,Cotton,740,158,25,28-28
31,83,37,Red,Cotton,152,241,15,28-28
27,88,36,Sandy,Cotton,146,280,37,Urea
27,45,44,Sandy,Cotton,210,310,26,Urea
31,39,39,Loamy,Cotton,454,173,35,Urea
33,31,44,Loamy,Cotton,261,63,21,Urea
29,75,40,Loamy,Cotton,139,139,8,Urea
30,81,49,Sandy,Cotton,108,276,32,Urea
32,38,27,Loamy,Cotton,363,200,21,Urea
32,43,55,Loamy,Cotton,223,87,5,Urea
31,87,39,Red,Cotton,201,328,19,28-28
29,91,40,Loamy,Cotton,272,231,28,Urea
31,76,40,Sandy,Cotton,85,305,21,28-28
31,41,55,Clayey,Cotton,735,295,24,Urea
24,77,40,Loamy,Cotton,301,53,31,28-28
28,71,53,Clayey,Cotton,405,273,34,28-28
33,84,43,Sandy,Cotton,201,303,15,28-28
31,51,44,Sandy,Cotton,467,126,11,Urea
29,41,38,Clayey,Cotton,710,158,10,Urea
24,70,54,Loamy,Cotton,303,189,25,Urea
28,78,40,Loamy,Cotton,523,244,36,28-28
31,43,55,Black,Cotton,643,79,25,28-28
26,38,31,Sandy,Cotton,253,230,13,28-28
29,80,46,Loamy,Cotton,279,47,13,Urea
33,42,25,Loamy,Cotton,407,407,28,20-20
26,69,38,Loamy,Cotton,203,391,28,Urea
32,44,43,Clayey,Cotton,471,384,10,Urea
25,68,47,Clayey,Cotton,609,389,3,Urea
25,45,28,Loamy,Cotton,132,206,15,Urea
27,81,35,Clayey,Cotton,338,222,8,Urea
25,70,40,Sandy,Cotton,511,405,17,Urea
32,43,39,Loamy,Cotton,587,104,31,Urea
25,61,35,Loamy,Cotton,430,304,6,28-28
31,84,38,Sandy,Cotton,245,414,26,Urea
31,79,48,Loamy,Cotton,796,82,37,Urea
32,44,49,Loamy,Cotton,786,224,17,Urea
26,36,34,Loamy,Cotton,137,135,16,20-20
30,45,38,Loamy,Cotton,525,273,31,20-20
32,39,43,Red,Cotton,279,166,19,28-28
28,52,25,Sandy,Cotton,458,78,4,20-20
30,87,42,Loamy,Cotton,700,163,7,Urea
31,45,51,Red,Cotton,286,380,14,Urea
29,76,45,Black,Cotton,145,114,31,Urea
30,79,42,Sandy,Cotton,742,55,22,Urea
27,73,42,Clayey,Cotton,174,220,13,Urea
24,57,55,Loamy,Cotton,166,262,18,Urea
29,74,45,Loamy,Cotton,389,90,31,Urea
33,46,45,Sandy,Cotton,319,191,34,28-28
24,69,37,Loamy,Cotton,232,304,9,28-28
25,43,31,Loamy,Cotton,623,186,27,Urea
29,79,50,Clayey,Cotton,177,405,8,28-28
28,79,38,Loamy,Cotton,493,155,25,Urea
31,40,54,Sandy,Cotton,792,247,21,28-28
35,47,54,Sandy,Cotton,701,74,17,Urea
31,81,49,Clayey,Cotton,631,88,27,Urea
25,70,46,Loamy,Cotton,117,79,21,Urea
29,65,48,Clayey,Cotton,244,142,6,Urea
26,74,38,Clayey,Cotton,642,336,6,Urea
22,30,43,Black,Cotton,366,147,13,Urea
27,32,24,Loamy,Cotton,352,119,8,Urea
26,80,38,Sandy,Cotton,575,134,21,28-28
28,84,44,Loamy,Cotton,802,284,9,28-28
37,46,45,Clayey,Cotton,362,165,7,Urea
35,44,40,Loamy,Cotton,207,34,10,28-28
31,74,37,Sandy,Cotton,510,242,23,28-28
30,37,22,Sandy,Cotton,190,44,3,Urea
30,85,43,Red,Cotton,601,193,16,Urea
24,34,29,Clayey,Cotton,643,123,35,28-28
30,85,48,Loamy,Cotton,277,128,7,28-28
33,82,54,Black,Cotton,156,334,24,28-28
29,80,47,Loamy,Cotton,395,71,37,28-28
30,84,38,Clayey,Cotton,329,333,8,Urea
28,38,31,Loamy,Cotton,410,70,18,Urea
33,84,46,Loamy,Cotton,384,135,8,28-28
29,76,39,Clayey,Cotton,589,175,20,20-20
28,60,51,Clayey,Cotton,528,126,11,20-20
29,78,39,Sandy,Cotton,469,72,17,Urea
25,66,41,Loamy,Cotton,838,134,8,20-20
27,81,38,Sandy,Cotton,749,79,18,28-28
28,84,46,Loamy,Cotton,230,182,8,Urea
26,35,35,Loamy,Cotton,417,87,17,Urea
28,65,42,Black,Cotton,797,259,24,Urea
23,65,41,Red,Cotton,534,110,7,28-28
29,79,38,Clayey,Cotton,696,258,16,Urea
28,79,48,Clayey,Cotton,134,241,4,Urea
31,41,31,Loamy,Cotton,567,293,35,Urea
30,32,31,Sandy,Cotton,210,273,33,Urea
29,83,41,Sandy,Cotton,91,153,14,Urea
27,31,40,Loamy,Cotton,380,391,4,20-20
29,41,22,Sandy,Cotton,635,343,6,28-28
22,76,44,Clayey,Cotton,681,41,4,Urea
27,87,49,Red,Cotton,635,294,4,Urea
28,86,47,Clayey,Cotton,518,146,9,20-20
31,80,43,Loamy,Cotton,255,369,37,Urea
25,76,50,Loamy,Cotton,751,234,23,Urea
28,81,50,Red,Cotton,584,89,27,28-28
31,54,39,Loamy,Cotton,198,206,12,28-28
30,45,49,Loamy,Cotton,269,210,28,Urea
33,58,45,Loamy,Cotton,692,45,14,20-20
29,41,40,Sandy,Cotton,380,93,11,Urea
29,84,40,Sandy,Cotton,769,168,7,28-28
30,41,39,Sandy,Cotton,600,293,8,28-28
24,65,45,Loamy,Cotton,361,410,13,Urea
32,83,51,Sandy,Cotton,642,45,5,20-20
33,83,41,Loamy,Cotton,299,93,35,Urea
27,81,43,Sandy,Cotton,185,381,11,Urea
27,59,41,Sandy,Cotton,831,418,8,Urea
24,77,44,Sandy,Cotton,485,95,8,Urea
31,82,51,Loamy,Cotton,199,326,29,28-28
30,77,38,Black,Cotton,136,77,33,Urea
26,51,36,Sandy,Cotton,793,98,14,Urea
26,94,45,Sandy,Cotton,831,182,22,Urea
27,85,37,Loamy,Cotton,322,152,21,Urea
29,79,50,Loamy,Cotton,581,275,18,Urea
32,50,45,Loamy,Cotton,324,62,32,28-28
24,41,26,Loamy,Cotton,811,241,9,28-28
25,71,39,Sandy,Cotton,510,324,6,Urea
25,80,43,Sandy,Cotton,782,384,9,Urea
33,32,34,Loamy,Cotton,129,249,12,Urea
28,84,51,Sandy,Cotton,838,193,8,Urea
30,44,36,Loamy,Cotton,197,54,18,28-28
32,56,44,Sandy,Cotton,206,113,30,Urea
26,82,35,Black,Cotton,194,216,15,Urea
27,80,54,Loamy,Cotton,357,197,5,Urea
25,69,41,Red,Cotton,820,101,13,Urea
34,55,43,Red,Cotton,224,74,26,28-28
24,71,38,Loamy,Cotton,342,409,25,Urea
29,87,43,Loamy,Cotton,280,133,8,Urea
30,84,46,Loamy,Cotton,560,259,18,20-20
33,36,40,Loamy,Cotton,566,184,14,28-28
29,35,39,Black,Cotton,766,268,24,28-28
29,70,49,Sandy,Cotton,713,76,18,28-28
31,45,40,Loamy,Cotton,774,79,14,Urea
26,79,50,Red,Cotton,132,91,17,Urea
33,53,48,Loamy,Cotton,258,76,31,Urea
30,86,42,Loamy,Cotton,699,288,12,Urea
33,44,40,Loamy,Cotton,361,111,15,20-20
29,77,50,Sandy,Cotton,307,312,28,Urea
26,39,30,Clayey,Cotton,273,189,7,Urea
23,73,47,Loamy,Cotton,115,74,24,Urea
27,82,51,Loamy,Cotton,353,51,35,Urea
26,87,42,Sandy,Cotton,347,310,26,Urea
23,76,40,Sandy,Cotton,157,215,31,Urea
29,80,53,Loamy,Cotton,469,43,27,28-28
27,64,46,Clayey,Cotton,610,131,15,Urea
29,40,31,Loamy,Cotton,392,404,3,Urea
29,74,51,Clayey,Cotton,452,131,14,Urea
22,71,51,Sandy,Cotton,517,141,7,20-20
30,82,38,Red,Cotton,580,191,12,Urea
28,88,36,Black,Cotton,177,41,14,Urea
30,83,38,Clayey,Cotton,290,168,14,Urea
28,41,27,Loamy,Cotton,244,179,25,28-28
22,64,46,Clayey,Cotton,260,43,33,20-20
31,42,34,Clayey,Cotton,120,245,15,Urea
24,61,52,Loamy,Cotton,446,59,14,Urea
26,72,39,Loamy,Cotton,424,176,19,Urea
32,33,42,Sandy,Cotton,422,262,30,Urea
27,42,22,Loamy,Cotton,717,245,24,28-28
29,79,54,Loamy,Cotton,245,96,18,28-28
29,36,34,Sandy,Cotton,417,229,13,Urea
25,69,40,Sandy,Cotton,272,122,31,28-28
31,68,37,Sandy,Cotton,432,99,8,Urea
30,41,39,Sandy,Cotton,409,63,24,28-28
29,71,36,Sandy,Cotton,541,176,12,Urea
32,52,53,Loamy,Cotton,344,160,28,Urea
31,81,40,Red,Cotton,342,297,13,28-28
30,55,38,Sandy,Cotton,543,361,11,28-28
25,77,55,Loamy,Cotton,619,347,36,Urea
28,53,47,Loamy,Cotton,383,254,13,Urea
27,44,45,Loamy,Cotton,322,251,12,Urea
27,62,49,Loamy,Cotton,500,266,21,Urea
30,70,48,Loamy,Cotton,231,122,8,28-28
27,34,22,Sandy,Cotton,728,241,4,28-28
29,74,37,Loamy,Cotton,266,164,6,Urea
24,66,45,Clayey,Cotton,518,274,12,Urea
27,81,38,Clayey,Cotton,418,91,25,Urea
31,40,39,Black,Cotton,765,180,10,Urea
26,29,28,Black,Cotton,699,266,30,Urea
32,48,43,Loamy,Cotton,624,175,12,28-28
24,66,39,Clayey,Cotton,656,415,14,28-28
27,84,55,Loamy,Cotton,543,268,33,Urea
33,48,53,Sandy,Cotton,294,99,33,28-28
25,71,55,Clayey,Cotton,276,371,24,Urea
33,42,52,Loamy,Cotton,216,81,4,Urea
24,45,25,Clayey,Cotton,661,339,35,Urea
29,93,44,Loamy,Cotton,201,201,30,28-28
24,46,38,Clayey,Cotton,725,155,7,20-20
29,84,35,Sandy,Cotton,523,359,11,Urea
30,44,24,Sandy,Cotton,423,283,28,Urea
28,45,42,Clayey,Cotton,282,233,30,Urea
30,34,28,Clayey,Cotton,661,341,17,Urea
26,68,47,Red,Cotton,549,339,5,Urea
31,39,30,Loamy,Cotton,315,339,7,Urea
23,67,39,Sandy,Cotton,172,270,23,Urea
31,89,36,Loamy,Cotton,156,195,20,Urea
28,80,40,Red,Cotton,437,274,4,Urea
30,84,45,Loamy,Cotton,419,319,26,28-28
29,62,49,Loamy,Cotton,151,232,15,20-20
30,74,50,Red,Cotton,639,248,10,28-28
31,44,43,Loamy,Cotton,92,337,23,Urea
28,79,48,Loamy,Cotton,436,294,22,Urea
26,38,23,Loamy,Cotton,589,125,29,Urea
30,44,53,Loamy,Cotton,115,100,28,28-28
32,40,27,Sandy,Cotton,600,287,31,Urea
29,78,37,Loamy,Cotton,770,218,20,Urea
26,63,44,Sandy,Cotton,238,320,18,Urea
28,37,27,Clayey,Cotton,417,227,15,28-28
26,72,49,Loamy,Cotton,326,300,11,Urea
32,80,41,Clayey,Cotton,136,333,5,28-28
27,33,23,Clayey,Cotton,378,411,29,Urea
28,84,39,Clayey,Cotton,124,213,21,Urea
21,68,41,Sandy,Cotton,92,329,10,Urea
32,46,51,Loamy,Cotton,463,58,18,Urea
27,57,40,Sandy,Cotton,474,236,31,Urea
29,74,40,Sandy,Cotton,313,359,16,Urea
25,69,40,Loamy,Cotton,202,133,11,Urea
35,52,36,Loamy,Cotton,343,73,30,Urea
27,84,38,Loamy,Cotton,450,323,14,28-28
26,91,40,Loamy,Cotton,658,263,31,Urea
23,76,36,Loamy,Cotton,385,246,12,Urea
27,78,35,Sandy,Cotton,219,284,26,Urea
31,55,54,Black,Cotton,423,209,19,28-28
29,41,53,Loamy,Cotton,279,250,4,Urea
32,42,30,Loamy,Cotton,738,385,36,Urea
28,79,40,Loamy,Cotton,411,39,31,28-28
27,81,52,Sandy,Cotton,347,128,32,Urea
30,45,49,Clayey,Cotton,525,54,7,28-28
31,50,49,Loamy,Sugarcane,535,380,15,Urea
19,65,39,Loamy,Sugarcane,549,312,18,Urea
14,70,37,Loamy,Sugarcane,305,177,27,Urea
15,79,23,Red,Sugarcane,584,56,29,28-28
22,65,38,Clayey,Sugarcane,509,325,12,Urea
26,71,38,Sandy,Sugarcane,795,238,13,Urea
22,73,36,Sandy,Sugarcane,355,366,31,Urea
21,76,34,Sandy,Sugarcane,262,312,13,20-20
32,35,23,Loamy,Sugarcane,148,37,16,Urea
30,76,38,Loamy,Sugarcane,633,116,8,28-28
26,69,47,Sandy,Sugarcane,529,77,15,Urea
19,78,41,Loamy,Sugarcane,391,46,16,Urea
12,80,23,Clayey,Sugarcane,783,305,32,Urea
32,42,36,Loamy,Sugarcane,530,243,4,28-28
31,31,41,Loamy,Sugarcane,427,222,11,Urea
31,41,42,Sandy,Sugarcane,544,273,14,Urea
20,61,37,Black,Sugarcane,285,39,24,Urea
24,62,41,Loamy,Sugarcane,412,83,22,Urea
9,89,44,Loamy,Sugarcane,168,392,13,Urea
30,81,46,Sandy,Sugarcane,700,103,4,28-28
28,90,49,Clayey,Sugarcane,180,100,23,17-17-17
11,79,27,Sandy,Sugarcane,297,271,25,Urea
28,88,37,Loamy,Sugarcane,517,81,25,Urea
11,87,27,Sandy,Sugarcane,229,144,16,Urea
17,73,32,Loamy,Sugarcane,446,33,12,Urea
15,69,26,Loamy,Sugarcane,115,400,10,Urea
28,82,41,Red,Sugarcane,153,37,30,Urea
16,74,34,Clayey,Sugarcane,249,406,21,Urea
23,56,37,Sandy,Sugarcane,637,141,23,Urea
30,75,49,Loamy,Sugarcane,782,87,32,Urea
19,62,38,Loamy,Sugarcane,314,406,17,28-28
32,74,44,Sandy,Sugarcane,500,314,18,Urea
32,53,52,Clayey,Sugarcane,111,63,12,Urea
16,78,24,Sandy,Sugarcane,98,215,17,Urea
12,84,35,Loamy,Sugarcane,500,296,7,28-28
24,74,53,Red,Sugarcane,477,336,5,28-28
21,73,34,Loamy,Sugarcane,556,60,35,Urea
21,66,43,Loamy,Sugarcane,614,365,4,28-28
29,45,36,Clayey,Sugarcane,751,108,9,Urea
31,87,46,Loamy,Sugarcane,751,405,7,Urea
29,82,51,Loamy,Sugarcane,219,91,12,Urea
11,70,39,Sandy,Sugarcane,327,41,12,Urea
20,61,25,Clayey,Sugarcane,442,347,3,Urea
29,39,25,Sandy,Sugarcane,449,346,30,Urea
28,41,45,Black,Sugarcane,193,111,37,Urea
26,69,47,Sandy,Sugarcane,181,49,15,28-28
29,39,41,Sandy,Sugarcane,123,239,9,Urea
31,76,48,Loamy,Sugarcane,200,232,32,Urea
27,78,41,Loamy,Sugarcane,398,108,7,Urea
35,56,42,Loamy,Sugarcane,507,228,25,Urea
11,88,33,Black,Sugarcane,839,234,3,Urea
16,75,27,Clayey,Sugarcane,249,159,19,Urea
16,70,38,Loamy,Sugarcane,411,36,10,Urea
6,85,23,Loamy,Sugarcane,429,60,28,Urea
27,73,49,Loamy,Sugarcane,363,282,13,Urea
27,82,41,Loamy,Sugarcane,395,151,34,Urea
31,83,49,Clayey,Sugarcane,634,377,34,Urea
12,90,30,Clayey,Sugarcane,209,244,36,Urea
28,43,28,Loamy,Sugarcane,418,351,31,Urea
30,82,41,Clayey,Sugarcane,221,77,8,Urea
16,64,38,Red,Sugarcane,740,177,24,Urea
32,45,25,Sandy,Sugarcane,385,216,18,Urea
27,43,29,Red,Sugarcane,627,264,31,28-28
14,72,30,Loamy,Sugarcane,152,116,15,Urea
27,85,50,Sandy,Sugarcane,827,63,8,28-28
23,69,38,Clayey,Sugarcane,313,127,7,Urea
23,65,27,Loamy,Sugarcane,425,205,28,Urea
33,55,53,Red,Sugarcane,443,88,3,Urea
28,78,43,Sandy,Sugarcane,408,50,21,28-28
29,50,28,Loamy,Sugarcane,251,54,11,Urea
27,40,39,Black,Sugarcane,818,45,29,Urea
30,85,51,Clayey,Sugarcane,402,78,7,Urea
16,69,30,Red,Sugarcane,263,382,5,Urea
29,38,40,Loamy,Sugarcane,823,198,34,Urea
29,79,51,Loamy,Sugarcane,787,142,3,20-20
10,83,23,Clayey,Sugarcane,518,39,33,28-28
27,40,36,Sandy,Sugarcane,772,175,17,28-28
31,42,23,Clayey,Sugarcane,486,187,9,Urea
27,40,33,Sandy,Sugarcane,477,340,11,Urea
34,47,46,Sandy,Sugarcane,791,392,7,Urea
21,64,38,Sandy,Sugarcane,150,408,36,28-28
32,80,51,Sandy,Sugarcane,553,114,24,Urea
29,63,39,Loamy,Sugarcane,114,75,18,Urea
13,84,45,Clayey,Sugarcane,227,333,7,28-28
12,94,41,Sandy,Sugarcane,104,375,28,Urea
19,75,32,Loamy,Sugarcane,253,68,18,Urea
11,66,29,Clayey,Sugarcane,467,246,9,Urea
21,59,33,Loamy,Sugarcane,624,76,36,17-17-17
27,36,36,Loamy,Sugarcane,373,313,16,Urea
15,75,45,Loamy,Sugarcane,273,388,6,Urea
20,66,40,Clayey,Sugarcane,483,321,36,Urea
17,72,38,Clayey,Sugarcane,327,206,32,Urea
9,84,26,Loamy,Sugarcane,87,37,35,Urea
19,66,24,Sandy,Sugarcane,608,387,36,Urea
31,36,50,Sandy,Sugarcane,141,53,6,Urea
21,67,40,Loamy,Sugarcane,291,74,29,28-28
34,52,45,Loamy,Sugarcane,839,272,11,28-28
33,83,38,Clayey,Sugarcane,375,337,14,Urea
15,64,41,Loamy,Sugarcane,94,242,24,Urea
24,78,26,Clayey,Sugarcane,758,153,30,Urea
20,61,37,Clayey,Sugarcane,400,76,6,17-17-17
30,35,38,Loamy,Sugarcane,312,186,23,Urea
26,65,50,Loamy,Sugarcane,145,137,28,Urea
35,54,41,Loamy,Sugarcane,719,68,6,Urea
9,87,43,Clayey,Sugarcane,496,38,8,28-28
24,32,37,Loamy,Sugarcane,452,252,22,Urea
25,88,37,Loamy,Sugarcane,816,246,29,Urea
20,54,35,Sandy,Sugarcane,287,56,19,17-17-17
23,66,54,Loamy,Sugarcane,158,50,27,Urea
24,72,41,Clayey,Sugarcane,229,218,9,Urea
34,52,50,Sandy,Sugarcane,520,165,23,Urea
32,46,36,Sandy,Sugarcane,283,40,5,Urea
27,85,40,Loamy,Sugarcane,391,131,34,Urea
11,86,42,Loamy,Sugarcane,331,211,14,Urea
18,79,26,Sandy,Sugarcane,178,123,25,Urea
16,72,31,Clayey,Sugarcane,819,320,3,Urea
28,41,44,Sandy,Sugarcane,505,194,37,Urea
14,69,44,Sandy,Sugarcane,660,232,33,Urea
26,52,26,Loamy,Sugarcane,490,71,28,28-28
14,90,33,Clayey,Sugarcane,265,243,16,Urea
25,62,37,Loamy,Sugarcane,313,163,10,Urea
29,42,29,Loamy,Sugarcane,491,251,31,Urea
16,70,29,Loamy,Sugarcane,618,144,25,28-28
32,75,44,Loamy,Sugarcane,622,286,25,28-28
16,81,36,Loamy,Sugarcane,453,419,19,Urea
22,63,39,Red,Sugarcane,307,376,16,Urea
27,80,48,Loamy,Sugarcane,533,279,32,Urea
31,76,39,Loamy,Sugarcane,754,311,10,Urea
19,76,27,Black,Sugarcane,813,230,27,Urea
20,78,26,Sandy,Sugarcane,425,371,17,Urea
29,80,48,Loamy,Sugarcane,787,132,23,Urea
28,73,47,Loamy,Sugarcane,444,256,26,Urea
19,58,33,Loamy,Sugarcane,451,34,36,28-28
26,70,38,Sandy,Sugarcane,119,87,21,Urea
30,48,42,Clayey,Sugarcane,272,252,6,Urea
30,81,41,Sandy,Sugarcane,582,417,25,Urea
26,71,35,Loamy,Sugarcane,455,115,20,Urea
13,75,45,Loamy,Sugarcane,292,225,8,Urea
28,44,26,Loamy,Sugarcane,491,46,17,Urea
12,72,25,Loamy,Sugarcane,276,205,24,Urea
24,67,53,Loamy,Sugarcane,394,119,16,Urea
20,80,30,Red,Sugarcane,492,115,28,Urea
30,87,40,Clayey,Sugarcane,85,155,7,Urea
30,75,36,Clayey,Sugarcane,414,177,9,28-28
20,80,25,Clayey,Sugarcane,523,238,11,Urea
11,89,26,Sandy,Sugarcane,470,201,33,28-28
13,69,39,Loamy,Sugarcane,527,295,26,Urea
18,82,30,Sandy,Sugarcane,443,120,21,Urea
16,72,43,Clayey,Sugarcane,500,81,32,17-17-17
21,73,43,Clayey,Sugarcane,556,286,22,Urea
16,78,41,Clayey,Sugarcane,643,370,12,Urea
26,87,44,Red,Sugarcane,707,80,27,Urea
17,75,23,Loamy,Sugarcane,538,42,13,Urea
22,73,43,Clayey,Sugarcane,137,291,34,Urea
29,40,38,Loamy,Sugarcane,237,41,5,17-17-17
19,61,38,Loamy,Sugarcane,374,336,35,Urea
32,44,36,Loamy,Sugarcane,266,379,27,Urea
28,60,47,Loamy,Sugarcane,263,69,3,Urea
29,76,47,Sandy,Sugarcane,137,264,35,Urea
11,77,40,Clayey,Sugarcane,128,80,14,Urea
13,70,31,Clayey,Sugarcane,629,277,36,Urea
26,50,33,Loamy,Sugarcane,97,319,4,28-28
13,89,26,Loamy,Sugarcane,594,221,10,Urea
19,71,38,Loamy,Sugarcane,779,234,17,Urea
35,76,54,Loamy,Sugarcane,427,79,22,17-17-17
11,90,25,Sandy,Sugarcane,203,265,5,Urea
29,37,22,Loamy,Sugarcane,544,407,8,Urea
18,82,34,Clayey,Sugarcane,243,366,22,Urea
19,72,31,Sandy,Sugarcane,773,390,10,Urea
33,56,43,Loamy,Sugarcane,250,120,22,Urea
30,82,50,Clayey,Sugarcane,777,120,21,Urea
29,47,44,Loamy,Sugarcane,551,384,24,28-28
22,68,24,Loamy,Sugarcane,825,207,28,Urea
27,58,54,Loamy,Sugarcane,811,106,13,Urea
30,48,50,Loamy,Sugarcane,515,79,13,Urea
34,37,25,Red,Sugarcane,752,143,27,Urea
18,73,31,Red,Sugarcane,363,184,15,Urea
15,79,23,Loamy,Sugarcane,528,212,26,Urea
21,59,45,Sandy,Sugarcane,327,222,11,Urea
16,66,34,Red,Sugarcane,599,270,19,Urea
7,90,30,Loamy,Sugarcane,471,68,6,Urea
24,69,26,Loamy,Sugarcane,292,202,6,20-20
12,75,33,Clayey,Sugarcane,458,350,25,Urea
30,81,36,Black,Sugarcane,525,148,5,Urea
31,50,30,Sandy,Sugarcane,471,106,10,Urea
16,78,34,Loamy,Sugarcane,641,44,13,Urea
24,50,34,Clayey,Sugarcane,243,48,32,Urea
9,87,34,Sandy,Sugarcane,651,164,8,Urea
15,80,45,Red,Sugarcane,387,282,10,Urea
30,40,37,Sandy,Sugarcane,445,290,18,Urea
22,57,34,Black,Sugarcane,143,176,33,Urea
16,78,43,Red,Sugarcane,451,128,23,28-28
32,78,44,Sandy,Sugarcane,582,282,22,Urea
21,62,36,Sandy,Sugarcane,396,245,25,Urea
27,83,48,Sandy,Sugarcane,497,305,17,Urea
12,72,26,Loamy,Sugarcane,493,79,25,Urea
30,79,40,Loamy,Sugarcane,260,107,9,28-28
30,59,51,Loamy,Sugarcane,241,358,35,Urea
26,62,46,Red,Sugarcane,453,276,14,Urea
28,83,53,Clayey,Sugarcane,154,163,12,Urea
23,62,39,Red,Sugarcane,551,264,4,Urea
14,67,45,Clayey,Sugarcane,749,86,31,Urea
29,79,51,Loamy,Sugarcane,664,122,4,28-28
28,79,53,Red,Sugarcane,305,226,8,Urea
14,76,31,Clayey,Sugarcane,461,48,18,Urea
21,72,51,Loamy,Sugarcane,108,53,4,17-17-17
23,60,40,Sandy,Sugarcane,531,68,34,Urea
29,81,48,Loamy,Sugarcane,370,150,20,Urea
18,81,33,Sandy,Sugarcane,284,89,18,Urea
11,83,42,Loamy,Sugarcane,281,335,17,Urea
18,76,31,Sandy,Sugarcane,197,342,19,Urea
7,93,40,Clayey,Sugarcane,825,106,20,Urea
13,94,44,Clayey,Sugarcane,713,36,21,17-17-17
31,40,36,Loamy,Sugarcane,585,353,15,Urea
30,58,47,Sandy,Sugarcane,362,193,10,Urea
33,80,37,Sandy,Sugarcane,502,350,34,Urea
34,46,34,Loamy,Sugarcane,257,222,9,28-28
25,68,40,Loamy,Sugarcane,498,54,34,17-17-17
27,46,43,Clayey,Sugarcane,257,325,17,Urea
27,66,49,Sandy,Sugarcane,490,277,22,Urea
29,82,37,Sandy,Sugarcane,615,259,18,Urea
21,62,32,Sandy,Sugarcane,122,366,13,Urea
32,75,49,Loamy,Sugarcane,686,233,19,Urea
29,83,48,Clayey,Sugarcane,251,59,26,Urea
32,51,49,Loamy,Sugarcane,743,107,18,Urea
13,77,34,Clayey,Sugarcane,306,372,31,Urea
17,77,38,Loamy,Sugarcane,686,77,14,Urea
31,74,41,Loamy,Sugarcane,563,270,7,28-28
29,77,36,Clayey,Sugarcane,370,134,21,28-28
8,87,32,Black,Sugarcane,674,59,26,Urea
21,67,42,Loamy,Sugarcane,328,314,9,Urea
21,68,24,Loamy,Sugarcane,346,182,34,Urea
14,71,43,Loamy,Sugarcane,565,91,32,Urea
26,32,39,Clayey,Sugarcane,492,188,34,Urea
14,79,36,Sandy,Sugarcane,84,355,32,Urea
28,73,36,Sandy,Sugarcane,134,148,7,28-28
28,73,41,Loamy,Sugarcane,789,35,7,Urea
13,85,30,Loamy,Sugarcane,426,274,17,Urea
34,49,46,Clayey,Sugarcane,698,71,9,17-17-17
26,74,37,Loamy,Sugarcane,610,125,18,Urea
14,70,29,Black,Sugarcane,149,176,36,Urea
31,79,46,Clayey,Sugarcane,417,298,26,Urea
28,75,53,Sandy,Sugarcane,95,150,20,Urea
27,87,43,Sandy,Sugarcane,726,105,9,Urea
13,76,23,Clayey,Sugarcane,374,389,20,Urea
11,83,32,Clayey,Sugarcane,499,124,16,20-20
19,73,34,Sandy,Sugarcane,639,356,28,Urea
16,71,43,Loamy,Sugarcane,102,114,19,Urea
31,76,36,Loamy,Sugarcane,762,327,20,Urea
11,90,35,Sandy,Sugarcane,610,302,20,Urea
12,98,28,Loamy,Sugarcane,351,304,34,Urea
11,92,25,Loamy,Sugarcane,99,75,23,Urea
15,72,23,Sandy,Sugarcane,674,388,25,Urea
28,83,48,Clayey,Sugarcane,547,91,32,Urea
17,71,44,Loamy,Sugarcane,521,252,5,Urea
28,77,44,Loamy,Sugarcane,287,302,34,Urea
13,79,24,Sandy,Sugarcane,540,377,34,Urea
17,81,30,Black,Sugarcane,123,294,36,Urea
25,30,36,Loamy,Sugarcane,316,242,26,Urea
24,63,48,Clayey,Sugarcane,329,266,27,28-28
29,31,30,Clayey,Sugarcane,355,332,20,Urea
35,40,39,Clayey,Sugarcane,708,201,28,Urea
31,80,53,Black,Sugarcane,556,253,33,Urea
10,89,28,Sandy,Sugarcane,408,118,15,Urea
31,38,24,Loamy,Sugarcane,269,127,16,Urea
20,75,26,Sandy,Sugarcane,109,95,19,Urea
16,76,36,Sandy,Sugarcane,525,316,16,Urea
33,54,50,Sandy,Sugarcane,172,123,37,Urea
27,83,43,Loamy,Sugarcane,186,179,15,Urea
29,88,43,Clayey,Sugarcane,403,346,32,Urea
33,45,39,Sandy,Sugarcane,88,242,20,Urea
19,56,43,Loamy,Sugarcane,518,42,12,Urea
30,47,37,Clayey,Sugarcane,709,183,29,Urea
27,71,36,Sandy,Sugarcane,781,301,13,Urea
15,73,41,Sandy,Sugarcane,727,76,13,Urea
25,35,30,Loamy,Sugarcane,112,294,23,Urea
33,56,45,Clayey,Sugarcane,274,346,34,Urea
27,85,52,Sandy,Sugarcane,349,136,7,28-28
24,70,40,Sandy,Sugarcane,610,361,35,Urea
29,80,39,Loamy,Sugarcane,421,105,30,Urea
28,42,38,Loamy,Sugarcane,513,366,26,Urea
24,65,44,Loamy,Sugarcane,280,353,31,Urea
33,43,45,Clayey,Sugarcane,213,189,36,Urea
22,63,40,Loamy,Sugarcane,673,360,15,20-20
28,86,44,Loamy,Sugarcane,173,185,17,Urea
30,83,52,Loamy,Sugarcane,513,240,32,20-20
32,28,38,Loamy,Sugarcane,435,49,22,Urea
33,91,46,Loamy,Sugarcane,576,258,33,Urea
28,68,36,Sandy,Sugarcane,164,33,4,28-28
14,77,44,Sandy,Sugarcane,170,363,19,20-20
15,72,39,Clayey,Sugarcane,109,381,5,Urea
20,79,41,Black,Sugarcane,166,330,33,Urea
28,66,50,Loamy,Sugarcane,504,307,29,28-28
20,72,39,Clayey,Sugarcane,377,144,22,Urea
10,87,25,Clayey,Sugarcane,292,102,35,17-17-17
23,67,39,Clayey,Sugarcane,620,219,12,Urea
20,71,43,Loamy,Sugarcane,181,316,14,Urea
23,63,46,Loamy,Sugarcane,343,200,20,Urea
30,82,36,Loamy,Sugarcane,193,199,18,Urea
29,30,34,Loamy,Sugarcane,614,41,24,Urea
23,41,39,Loamy,Sugarcane,624,80,7,Urea
23,65,44,Loamy,Sugarcane,336,39,34,Urea
34,51,54,Clayey,Sugarcane,115,121,4,Urea
32,35,22,Red,Sugarcane,374,192,18,Urea
20,68,36,Sandy,Sugarcane,692,217,31,Urea
33,50,36,Loamy,Sugarcane,690,414,3,Urea
24,78,40,Sandy,Sugarcane,661,192,30,Urea
31,42,43,Loamy,Sugarcane,363,58,9,Urea
32,42,41,Sandy,Sugarcane,265,380,10,28-28
21,76,31,Loamy,Sugarcane,413,49,36,Urea
32,87,49,Sandy,Sugarcane,730,129,35,Urea
26,42,33,Loamy,Sugarcane,123,395,33,Urea
16,71,44,Black,Sugarcane,249,137,10,28-28
14,81,40,Clayey,Sugarcane,485,148,5,Urea
21,70,47,Clayey,Sugarcane,585,55,13,Urea
15,71,32,Loamy,Sugarcane,122,90,10,Urea
13,92,28,Black,Sugarcane,242,252,7,28-28
26,70,41,Loamy,Sugarcane,130,77,8,Urea
30,77,48,Black,Sugarcane,660,284,33,Urea
17,69,25,Loamy,Sugarcane,548,102,21,Urea
25,75,48,Sandy,Sugarcane,86,367,3,Urea
30,56,51,Black,Sugarcane,186,228,9,Urea
19,56,26,Clayey,Sugarcane,214,58,30,Urea
13,76,23,Loamy,Sugarcane,119,386,10,Urea
19,59,29,Sandy,Sugarcane,187,135,6,Urea
9,88,24,Loamy,Sugarcane,754,248,23,Urea
11,75,23,Loamy,Sugarcane,552,263,35,Urea
11,91,27,Loamy,Sugarcane,127,289,29,20-20
26,38,37,Loamy,Sugarcane,490,295,3,28-28
11,88,29,Sandy,Sugarcane,805,293,5,Urea
32,46,36,Red,Sugarcane,743,244,24,Urea
31,90,49,Loamy,Sugarcane,509,80,8,17-17-17
31,34,33,Sandy,Sugarcane,435,169,18,Urea
7,80,25,Black,Sugarcane,248,266,9,28-28
30,83,42,Clayey,Sugarcane,648,214,15,Urea
19,66,40,Sandy,Sugarcane,167,296,7,Urea
22,62,37,Loamy,Sugarcane,680,68,16,Urea
26,86,46,Sandy,Sugarcane,247,134,9,28-28
11,76,35,Loamy,Sugarcane,428,238,20,Urea
25,40,33,Loamy,Sugarcane,786,258,28,Urea
32,53,43,Loamy,Sugarcane,500,365,34,Urea
19,70,43,Sandy,Sugarcane,359,64,12,Urea
15,69,32,Loamy,Sugarcane,252,59,8,Urea
14,87,42,Loamy,Sugarcane,87,197,33,Urea
12,93,23,Loamy,Sugarcane,305,86,6,Urea
27,48,31,Sandy,Sugarcane,671,147,23,Urea
14,78,38,Loamy,Sugarcane,729,224,35,Urea
21,70,39,Loamy,Sugarcane,388,384,31,Urea
12,86,40,Sandy,Sugarcane,207,136,14,20-20
28,86,50,Sandy,Sugarcane,444,386,4,28-28
12,77,38,Loamy,Sugarcane,835,155,8,Urea
23,61,23,Clayey,Sugarcane,492,285,18,Urea
25,80,55,Clayey,Sugarcane,400,65,7,Urea
23,61,45,Loamy,Sugarcane,153,249,33,Urea
29,34,44,Clayey,Sugarcane,187,189,32,Urea
12,77,31,Loamy,Sugarcane,265,368,20,Urea
29,77,39,Black,Sugarcane,345,257,11,Urea
27,71,44,Loamy,Sugarcane,442,52,4,Urea
32,76,39,Sandy,Sugarcane,642,58,18,Urea
29,77,52,Loamy,Sugarcane,548,317,25,Urea
15,68,38,Sandy,Sugarcane,770,246,5,Urea
28,34,32,Loamy,Sugarcane,707,165,30,Urea
25,69,41,Loamy,Sugarcane,441,191,20,Urea
27,40,33,Black,Sugarcane,228,112,20,Urea
28,76,39,Black,Sugarcane,390,266,7,Urea
28,92,40,Sandy,Sugarcane,582,220,20,Urea
16,73,38,Loamy,Sugarcane,549,314,14,Urea
28,41,39,Loamy,Sugarcane,722,53,3,Urea
13,74,43,Sandy,Sugarcane,439,375,13,Urea
28,75,46,Loamy,Sugarcane,708,394,21,Urea
30,86,55,Sandy,Sugarcane,362,71,5,Urea
30,91,38,Sandy,Sugarcane,85,218,25,Urea
24,72,45,Clayey,Sugarcane,176,383,3,Urea
29,73,49,Loamy,Sugarcane,618,321,24,Urea
30,37,37,Black,Sugarcane,331,162,21,Urea
9,86,30,Clayey,Sugarcane,302,383,10,Urea
9,90,43,Loamy,Sugarcane,188,226,9,Urea
30,90,48,Clayey,Sugarcane,378,179,17,Urea
16,74,30,Black,Sugarcane,800,232,6,Urea
26,40,44,Sandy,Sugarcane,788,44,22,17-17-17
31,87,42,Loamy,Sugarcane,186,326,3,Urea
28,82,48,Loamy,Sugarcane,367,132,4,Urea
11,82,35,Sandy,Sugarcane,364,131,18,28-28
24,45,43,Loamy,Sugarcane,118,370,28,Urea
29,43,31,Sandy,Sugarcane,236,166,18,Urea
29,86,36,Loamy,Sugarcane,124,178,20,Urea
10,83,41,Clayey,Sugarcane,715,60,21,17-17-17
24,64,43,Loamy,Sugarcane,433,66,17,Urea
33,49,53,Sandy,Sugarcane,161,375,3,28-28
33,82,53,Loamy,Sugarcane,162,93,18,Urea
24,66,52,Loamy,Sugarcane,526,40,5,17-17-17
15,72,38,Black,Sugarcane,87,69,34,Urea
18,76,40,Sandy,Sugarcane,459,89,14,Urea
25,58,51,Loamy,Sugarcane,191,119,10,Urea
17,86,41,Clayey,Sugarcane,615,173,22,20-20
31,24,31,Sandy,Sugarcane,406,208,9,28-28
7,86,23,Sandy,Sugarcane,824,107,16,28-28
14,88,27,Sandy,Sugarcane,377,267,4,28-28
27,75,43,Loamy,Sugarcane,317,79,36,Urea
14,78,39,Clayey,Sugarcane,184,37,4,Urea
27,62,38,Black,Chickpea,595,330,13,28-28
17,72,28,Loamy,Chickpea,355,377,9,DAP
13,90,25,Loamy,Chickpea,228,250,17,28-28
10,87,37,Loamy,Chickpea,270,401,23,28-28
11,85,28,Loamy,Chickpea,458,226,14,28-28
17,86,35,Clayey,Chickpea,461,267,25,DAP
26,73,52,Sandy,Chickpea,110,337,32,28-28
9,100,29,Loamy,Chickpea,341,224,28,28-28
12,83,33,Clayey,Chickpea,790,160,19,28-28
9,90,42,Red,Chickpea,314,285,27,28-28
15,75,26,Loamy,Chickpea,547,95,22,DAP
19,75,44,Loamy,Chickpea,483,401,9,28-28
15,80,23,Sandy,Chickpea,225,332,23,DAP
20,65,30,Loamy,Chickpea,185,282,17,DAP
21,66,26,Clayey,Chickpea,513,218,7,DAP
14,68,23,Loamy,Chickpea,98,328,20,28-28
12,79,33,Red,Chickpea,549,91,4,DAP
16,70,34,Loamy,Chickpea,338,162,23,DAP
18,74,28,Loamy,Chickpea,392,44,25,20-20
24,64,48,Sandy,Chickpea,154,396,26,DAP
12,81,22,Clayey,Chickpea,272,132,5,28-28
24,74,36,Sandy,Chickpea,423,390,14,20-20
16,83,32,Black,Chickpea,105,200,17,DAP
11,66,29,Clayey,Chickpea,512,286,10,DAP
9,81,32,Loamy,Chickpea,566,215,7,28-28
19,84,42,Loamy,Chickpea,660,214,21,20-20
24,73,43,Clayey,Chickpea,93,125,13,28-28
22,64,44,Loamy,Chickpea,89,290,12,20-20
18,74,24,Loamy,Chickpea,441,318,14,28-28
9,89,32,Sandy,Chickpea,476,310,3,28-28
19,61,43,Loamy,Chickpea,640,345,16,20-20
13,75,28,Loamy,Chickpea,819,48,4,28-28
17,74,44,Loamy,Chickpea,428,127,8,20-20
22,65,45,Loamy,Chickpea,131,171,17,DAP
24,73,50,Clayey,Chickpea,417,187,36,28-28
23,67,42,Loamy,Chickpea,447,72,18,20-20
10,92,33,Sandy,Chickpea,683,283,36,28-28
13,72,44,Loamy,Chickpea,784,84,34,DAP
22,63,25,Loamy,Chickpea,552,56,15,28-28
14,79,24,Clayey,Chickpea,85,107,11,DAP
23,64,52,Sandy,Chickpea,143,58,10,28-28
14,69,27,Sandy,Chickpea,163,73,20,DAP
14,68,42,Loamy,Chickpea,743,131,14,28-28
17,69,40,Black,Chickpea,257,154,36,20-20
23,59,26,Loamy,Chickpea,397,57,25,28-28
11,82,45,Loamy,Chickpea,235,255,8,28-28
15,79,33,Loamy,Chickpea,276,76,5,20-20
19,66,31,Sandy,Chickpea,553,114,20,DAP
23,61,41,Loamy,Chickpea,222,227,32,28-28
9,94,43,Loamy,Chickpea,386,326,13,20-20
22,72,35,Loamy,Chickpea,442,171,21,28-28
10,90,29,Loamy,Chickpea,619,240,9,28-28
9,89,24,Loamy,Chickpea,639,322,18,DAP
11,90,36,Loamy,Chickpea,98,345,13,28-28
13,69,24,Loamy,Chickpea,797,223,12,28-28
16,75,38,Red,Chickpea,263,358,20,28-28
15,75,30,Sandy,Chickpea,131,63,30,20-20
17,70,30,Loamy,Chickpea,86,61,7,DAP
26,73,47,Sandy,Chickpea,550,281,3,DAP
24,64,48,Sandy,Chickpea,324,77,8,DAP
20,78,31,Loamy,Chickpea,597,197,25,28-28
10,78,34,Clayey,Chickpea,408,363,11,DAP
23,76,26,Loamy,Chickpea,93,243,17,DAP
13,79,33,Sandy,Chickpea,591,65,14,28-28
16,66,32,Loamy,Chickpea,412,284,21,28-28
22,67,55,Clayey,Chickpea,301,239,7,20-20
13,77,41,Clayey,Chickpea,558,65,12,DAP
21,66,30,Clayey,Chickpea,186,212,6,DAP
25,63,37,Loamy,Chickpea,128,90,37,DAP
21,58,45,Red,Chickpea,384,66,10,28-28
13,82,34,Loamy,Chickpea,442,342,36,DAP
13,79,38,Loamy,Chickpea,474,209,21,DAP
17,70,24,Loamy,Chickpea,287,62,11,20-20
24,69,43,Sandy,Chickpea,355,248,6,DAP
12,69,37,Loamy,Chickpea,657,296,18,20-20
14,75,42,Loamy,Chickpea,410,248,35,28-28
24,63,48,Clayey,Chickpea,540,323,5,28-28
10,89,26,Loamy,Chickpea,365,93,9,20-20
15,69,37,Red,Chickpea,624,314,5,DAP
16,86,31,Loamy,Chickpea,399,238,18,DAP
10,90,41,Clayey,Chickpea,155,106,20,28-28
14,84,29,Loamy,Chickpea,279,314,12,28-28
26,71,35,Clayey,Chickpea,127,143,21,28-28
28,76,43,Loamy,Chickpea,580,69,20,DAP
10,91,24,Loamy,Chickpea,373,50,27,20-20
14,88,29,Black,Chickpea,672,165,36,DAP
21,62,27,Loamy,Chickpea,295,296,10,28-28
14,86,38,Loamy,Chickpea,611,396,5,28-28
11,97,27,Clayey,Chickpea,257,121,9,DAP
19,74,39,Red,Chickpea,627,202,20,28-28
14,70,44,Clayey,Chickpea,316,242,13,28-28
12,89,29,Sandy,Chickpea,271,175,13,28-28
18,72,25,Loamy,Chickpea,559,157,25,20-20
11,76,44,Sandy,Chickpea,597,263,28,28-28
11,75,22,Loamy,Chickpea,717,104,11,DAP
15,84,27,Sandy,Chickpea,641,61,18,DAP
21,67,39,Clayey,Chickpea,749,123,15,DAP
25,70,45,Sandy,Chickpea,404,152,24,DAP
11,94,32,Sandy,Chickpea,507,235,13,DAP
23,70,46,Loamy,Chickpea,618,370,8,28-28
18,81,36,Loamy,Chickpea,551,195,4,DAP
23,55,45,Loamy,Chickpea,144,64,27,28-28
13,80,35,Loamy,Chickpea,145,249,18,28-28
9,90,24,Loamy,Chickpea,102,405,5,DAP
19,74,37,Black,Chickpea,578,74,14,DAP
14,71,38,Loamy,Chickpea,688,407,11,28-28
10,91,35,Clayey,Chickpea,539,302,9,28-28
15,86,26,Loamy,Chickpea,675,300,18,20-20
21,50,37,Clayey,Chickpea,563,86,12,20-20
11,86,28,Loamy,Chickpea,250,130,4,28-28
16,71,33,Sandy,Chickpea,154,54,11,28-28
10,95,32,Sandy,Chickpea,86,283,34,28-28
12,93,29,Loamy,Chickpea,806,368,16,DAP
14,80,29,Sandy,Chickpea,810,158,30,DAP
8,85,41,Sandy,Chickpea,162,349,3,28-28
22,70,31,Loamy,Chickpea,189,408,17,DAP
16,66,29,Loamy,Chickpea,517,379,33,DAP
19,58,23,Loamy,Chickpea,293,133,31,DAP
21,65,34,Sandy,Chickpea,506,155,24,28-28
12,87,41,Sandy,Chickpea,584,174,11,DAP
21,60,43,Loamy,Chickpea,425,265,37,DAP
14,70,33,Clayey,Chickpea,528,275,35,DAP
22,69,30,Clayey,Chickpea,772,176,14,20-20
16,72,33,Black,Chickpea,344,235,17,28-28
27,59,46,Sandy,Chickpea,141,38,36,20-20
14,66,41,Loamy,Chickpea,276,78,7,DAP
24,72,48,Loamy,Chickpea,736,148,10,28-28
14,85,29,Clayey,Chickpea,317,279,21,28-28
14,69,33,Loamy,Chickpea,532,234,33,DAP
24,69,37,Sandy,Chickpea,313,65,9,28-28
20,66,29,Red,Chickpea,450,177,13,28-28
14,66,24,Loamy,Chickpea,406,254,10,DAP
15,77,31,Loamy,Chickpea,654,81,23,28-28
23,60,39,Sandy,Chickpea,838,255,26,DAP
20,76,26,Loamy,Chickpea,415,63,8,28-28
21,62,39,Clayey,Chickpea,546,87,4,28-28
25,61,32,Clayey,Chickpea,431,380,28,DAP
24,50,24,Sandy,Chickpea,280,153,25,28-28
23,65,23,Loamy,Chickpea,426,336,9,DAP
20,68,41,Sandy,Chickpea,357,69,12,28-28
19,70,36,Loamy,Chickpea,791,201,7,DAP
19,73,29,Sandy,Chickpea,244,285,13,DAP
15,64,39,Clayey,Chickpea,105,226,28,28-28
12,87,42,Loamy,Chickpea,158,104,32,28-28
23,70,38,Loamy,Chickpea,731,70,7,28-28
19,67,42,Loamy,Chickpea,492,395,35,20-20
22,89,27,Loamy,Chickpea,382,102,15,DAP
5,87,25,Black,Chickpea,268,69,9,28-28
22,83,28,Clayey,Chickpea,265,44,13,20-20
11,78,41,Loamy,Chickpea,215,150,9,DAP
15,80,40,Sandy,Chickpea,579,349,27,28-28
21,72,41,Clayey,Chickpea,445,95,8,DAP
9,96,26,Loamy,Chickpea,128,278,21,20-20
16,70,43,Loamy,Chickpea,545,304,35,DAP
22,75,26,Clayey,Chickpea,530,103,19,DAP
11,74,24,Loamy,Chickpea,603,153,28,28-28
22,61,36,Loamy,Chickpea,464,33,5,28-28
12,83,42,Clayey,Chickpea,196,344,4,28-28
12,91,38,Clayey,Chickpea,418,33,32,28-28
17,59,33,Black,Chickpea,138,356,30,DAP
20,67,23,Loamy,Chickpea,469,113,21,20-20
27,69,45,Loamy,Chickpea,667,132,24,DAP
17,73,36,Sandy,Chickpea,702,36,22,20-20
12,74,22,Loamy,Chickpea,162,272,12,20-20
12,82,34,Loamy,Chickpea,749,98,13,28-28
13,73,38,Loamy,Chickpea,239,325,31,DAP
26,66,29,Loamy,Chickpea,569,84,17,DAP
14,92,22,Loamy,Chickpea,212,295,12,28-28
24,69,54,Sandy,Chickpea,85,286,29,28-28
26,59,23,Loamy,Chickpea,428,304,13,28-28
11,86,30,Sandy,Chickpea,313,111,31,DAP
19,76,40,Loamy,Chickpea,619,66,7,28-28
14,86,32,Loamy,Chickpea,702,60,12,DAP
15,77,32,Sandy,Chickpea,650,54,20,28-28
21,59,25,Clayey,Chickpea,813,70,27,DAP
13,92,43,Loamy,Chickpea,522,244,21,DAP
10,89,36,Loamy,Chickpea,174,42,29,DAP
14,77,25,Loamy,Chickpea,92,401,36,28-28
26,68,47,Loamy,Chickpea,107,285,17,DAP
19,66,30,Loamy,Chickpea,345,393,5,28-28
23,65,25,Loamy,Chickpea,244,247,32,28-28
10,90,42,Clayey,Chickpea,484,408,6,DAP
23,64,41,Loamy,Chickpea,202,72,14,28-28
23,76,52,Red,Chickpea,475,350,25,DAP
19,63,39,Loamy,Chickpea,548,59,33,28-28
12,90,43,Loamy,Chickpea,831,162,23,28-28
11,84,30,Loamy,Chickpea,214,416,30,DAP
20,70,55,Loamy,Chickpea,676,401,8,20-20
12,81,27,Loamy,Chickpea,443,93,22,DAP
13,76,36,Clayey,Chickpea,324,218,4,DAP
25,67,50,Clayey,Chickpea,489,163,37,28-28
15,77,25,Loamy,Chickpea,579,119,36,DAP
14,73,25,Clayey,Chickpea,706,388,30,28-28
12,86,30,Clayey,Chickpea,90,44,6,20-20
22,55,24,Clayey,Chickpea,409,217,29,28-28
15,85,26,Loamy,Chickpea,459,275,35,DAP
19,73,24,Sandy,Chickpea,552,352,13,28-28
28,64,45,Sandy,Chickpea,751,131,34,DAP
26,65,47,Loamy,Chickpea,391,214,30,28-28
15,76,39,Black,Chickpea,536,382,35,DAP
22,62,29,Clayey,Chickpea,379,172,5,28-28
12,85,27,Loamy,Chickpea,489,121,26,DAP
16,68,30,Sandy,Chickpea,515,120,14,28-28
26,64,35,Sandy,Chickpea,601,88,25,28-28
14,75,44,Sandy,Chickpea,239,52,31,20-20
20,68,25,Loamy,Chickpea,391,34,4,28-28
13,75,35,Clayey,Chickpea,557,40,3,20-20
12,77,45,Clayey,Chickpea,525,266,12,DAP
18,72,38,Loamy,Chickpea,145,45,37,28-28
13,77,35,Loamy,Chickpea,263,51,13,28-28
18,75,31,Sandy,Chickpea,414,317,28,28-28
21,64,43,Clayey,Chickpea,202,118,5,28-28
14,77,25,Loamy,Chickpea,347,197,15,28-28
9,86,27,Clayey,Chickpea,114,89,30,DAP
19,67,26,Sandy,Chickpea,192,356,25,28-28
19,68,32,Sandy,Chickpea,106,253,23,DAP
10,89,30,Loamy,Chickpea,556,345,31,20-20
24,73,55,Loamy,Chickpea,754,146,3,28-28
14,80,40,Loamy,Chickpea,324,381,30,20-20
10,96,23,Sandy,Chickpea,450,211,7,DAP
21,65,40,Clayey,Chickpea,135,65,22,28-28
13,80,40,Sandy,Chickpea,837,253,20,DAP
22,68,44,Loamy,Chickpea,546,158,19,28-28
22,64,39,Loamy,Chickpea,798,168,25,28-28
25,71,54,Clayey,Chickpea,767,315,11,28-28
23,62,23,Loamy,Chickpea,834,219,6,28-28
21,73,39,Loamy,Chickpea,751,52,22,DAP
20,83,31,Clayey,Chickpea,100,191,9,DAP
11,79,25,Sandy,Chickpea,238,70,37,28-28
30,61,43,Sandy,Chickpea,577,369,26,28-28
14,78,27,Clayey,Chickpea,557,310,8,28-28
11,81,41,Loamy,Chickpea,816,108,25,DAP
21,65,39,Sandy,Chickpea,778,387,11,28-28
17,75,37,Clayey,Chickpea,710,205,9,DAP
19,78,40,Sandy,Chickpea,164,229,26,28-28
22,67,39,Loamy,Chickpea,226,379,34,28-28
12,76,34,Sandy,Chickpea,378,323,21,20-20
21,68,41,Red,Chickpea,591,351,8,28-28
20,61,37,Loamy,Chickpea,454,357,16,20-20
9,98,44,Loamy,Chickpea,264,294,14,DAP
13,86,23,Clayey,Chickpea,626,94,18,20-20
12,69,40,Clayey,Chickpea,651,203,26,28-28
9,80,35,Loamy,Chickpea,119,221,35,DAP
15,71,35,Loamy,Chickpea,626,272,16,28-28
25,67,37,Sandy,Chickpea,109,319,17,28-28
23,72,42,Sandy,Chickpea,365,56,8,DAP
27,71,53,Clayey,Chickpea,365,117,33,28-28
26,70,53,Loamy,Chickpea,525,105,31,28-28
17,72,24,Sandy,Chickpea,701,365,36,20-20
21,78,43,Sandy,Chickpea,670,184,21,20-20
20,62,23,Sandy,Chickpea,131,369,26,28-28
12,80,34,Clayey,Chickpea,650,220,37,28-28
16,76,38,Loamy,Chickpea,170,132,7,28-28
12,85,29,Clayey,Chickpea,385,165,5,20-20
15,80,43,Sandy,Chickpea,295,160,32,28-28
21,71,45,Loamy,Chickpea,619,170,31,DAP
17,65,30,Clayey,Chickpea,245,75,33,DAP
11,82,29,Loamy,Chickpea,131,103,17,28-28
17,68,34,Loamy,Chickpea,806,253,22,28-28
27,62,35,Clayey,Chickpea,171,139,9,DAP
24,72,54,Clayey,Chickpea,145,189,28,20-20
17,67,31,Clayey,Chickpea,188,138,10,20-20
9,81,28,Loamy,Chickpea,192,42,27,28-28
13,71,25,Loamy,Chickpea,560,92,5,DAP
13,82,23,Loamy,Chickpea,417,268,9,20-20
10,96,39,Loamy,Chickpea,547,95,34,28-28
11,78,26,Sandy,Chickpea,136,58,7,20-20
12,88,33,Loamy,Chickpea,659,349,28,DAP
13,86,41,Loamy,Chickpea,464,130,22,DAP
20,69,27,Loamy,Chickpea,819,66,34,28-28
26,73,39,Loamy,Chickpea,617,317,7,28-28
17,71,29,Sandy,Chickpea,540,160,20,28-28
17,74,31,Loamy,Chickpea,189,282,28,20-20
11,86,37,Sandy,Chickpea,384,252,36,28-28
15,78,43,Clayey,Chickpea,738,97,21,28-28
9,94,24,Loamy,Chickpea,364,153,27,28-28
16,84,43,Loamy,Chickpea,89,78,11,28-28
20,66,39,Loamy,Chickpea,382,67,5,DAP
7,94,26,Red,Chickpea,400,123,9,DAP
12,68,44,Clayey,Chickpea,543,351,30,DAP
15,77,29,Sandy,Chickpea,528,36,13,28-28
8,93,42,Loamy,Chickpea,492,330,21,DAP
16,81,30,Sandy,Chickpea,287,86,7,20-20
19,78,32,Sandy,Chickpea,554,267,14,DAP
17,70,34,Black,Chickpea,796,204,32,DAP
20,64,32,Clayey,Chickpea,738,346,23,DAP
16,70,29,Clayey,Chickpea,673,88,31,28-28
20,64,34,Loamy,Chickpea,442,203,15,DAP
12,84,23,Sandy,Chickpea,575,292,8,28-28
24,62,38,Sandy,Chickpea,711,65,28,28-28
9,91,40,Sandy,Chickpea,331,386,33,DAP
20,66,24,Red,Chickpea,156,243,18,DAP
19,61,42,Loamy,Chickpea,86,42,20,28-28
17,59,40,Red,Chickpea,798,247,34,DAP
19,72,43,Sandy,Chickpea,453,170,35,28-28
13,77,42,Loamy,Chickpea,686,391,21,28-28
11,81,38,Loamy,Chickpea,647,110,16,20-20
18,67,27,Clayey,Chickpea,700,161,6,DAP
26,69,48,Black,Chickpea,328,400,17,DAP
15,78,28,Loamy,Chickpea,345,146,10,28-28
20,78,30,Clayey,Chickpea,486,350,22,28-28
24,68,52,Sandy,Chickpea,110,100,32,DAP
22,66,30,Red,Chickpea,739,34,25,DAP
10,75,34,Loamy,Chickpea,236,129,4,DAP
17,68,31,Red,Chickpea,790,52,4,28-28
21,67,27,Clayey,Chickpea,622,371,9,28-28
12,75,32,Clayey,Chickpea,323,58,33,28-28
17,68,41,Sandy,Chickpea,835,155,36,28-28
8,84,24,Clayey,Chickpea,150,372,18,DAP
8,87,39,Loamy,Chickpea,824,159,8,28-28
12,79,38,Loamy,Chickpea,208,295,34,DAP
9,94,23,Loamy,Chickpea,659,200,25,20-20
7,92,34,Clayey,Chickpea,344,395,25,20-20
14,75,26,Loamy,Chickpea,447,64,24,DAP
20,72,49,Sandy,Chickpea,839,280,6,DAP
19,69,31,Clayey,Chickpea,110,180,35,28-28
17,77,40,Loamy,Chickpea,538,84,33,DAP
18,72,43,Sandy,Chickpea,134,72,6,28-28
16,69,31,Loamy,Chickpea,415,123,10,28-28
13,70,35,Loamy,Chickpea,272,108,3,20-20
10,88,29,Loamy,Chickpea,399,204,20,28-28
18,75,26,Loamy,Chickpea,129,171,14,DAP
21,68,43,Loamy,Chickpea,457,55,10,28-28
13,98,30,Loamy,Chickpea,167,176,35,28-28
24,72,44,Loamy,Chickpea,541,50,5,20-20
19,67,42,Sandy,Chickpea,423,185,21,DAP
15,78,34,Sandy,Chickpea,772,41,15,28-28
24,72,40,Clayey,Chickpea,503,120,21,28-28
14,79,40,Loamy,Chickpea,794,46,17,28-28
19,71,24,Black,Chickpea,721,105,36,28-28
26,71,55,Loamy,Chickpea,364,209,26,28-28
25,54,44,Clayey,Chickpea,593,225,8,DAP
16,70,27,Loamy,Chickpea,793,68,19,20-20
15,73,23,Loamy,Chickpea,497,366,23,28-28
21,76,31,Loamy,Chickpea,84,419,22,DAP
8,83,41,Sandy,Chickpea,453,64,5,20-20
20,73,42,Sandy,Chickpea,401,101,22,DAP
14,76,43,Sandy,Chickpea,392,52,4,DAP
17,81,25,Loamy,Chickpea,488,399,24,DAP
15,76,43,Clayey,Chickpea,817,214,13,DAP
24,75,44,Loamy,Chickpea,382,324,7,28-28
17,88,31,Loamy,Chickpea,556,310,19,DAP
18,62,23,Clayey,Chickpea,502,403,30,28-28
12,73,33,Loamy,Chickpea,557,308,22,20-20
30,71,42,Loamy,Chickpea,298,286,20,28-28
7,92,36,Red,Chickpea,178,268,33,28-28
15,77,42,Loamy,Chickpea,444,257,9,DAP
23,70,50,Loamy,Chickpea,245,232,21,DAP
13,74,39,Loamy,Chickpea,631,205,27,DAP
22,71,25,Loamy,Chickpea,505,270,8,28-28
15,90,37,Loamy,Chickpea,696,383,17,28-28
25,60,24,Loamy,Chickpea,217,257,4,DAP
21,67,42,Loamy,Chickpea,155,178,4,28-28
13,77,43,Loamy,Chickpea,758,142,14,DAP
17,74,43,Sandy,Chickpea,548,325,7,28-28
15,70,26,Loamy,Chickpea,687,233,6,20-20
17,60,40,Sandy,Chickpea,213,40,19,28-28
21,69,28,Loamy,Chickpea,280,189,15,28-28
12,97,26,Sandy,Chickpea,143,121,13,DAP
11,83,34,Red,Chickpea,229,272,16,DAP
15,64,36,Loamy,Chickpea,88,141,26,DAP
20,65,27,Loamy,Chickpea,142,182,13,28-28
18,74,34,Clayey,Chickpea,161,205,14,DAP
20,71,33,Clayey,Chickpea,464,80,17,DAP
22,66,35,Loamy,Chickpea,825,261,28,DAP
23,74,46,Clayey,Chickpea,839,219,12,DAP
11,77,44,Clayey,Chickpea,440,86,18,DAP
12,80,45,Clayey,Chickpea,697,134,37,28-28
22,67,51,Clayey,Chickpea,110,402,15,28-28
11,69,42,Sandy,Chickpea,706,418,7,28-28
17,79,38,Loamy,Chickpea,746,105,35,28-28
10,75,40,Loamy,Chickpea,279,340,11,DAP
19,70,38,Clayey,Chickpea,191,264,11,28-28
23,68,31,Black,Chickpea,692,50,12,28-28
26,65,43,Loamy,Chickpea,237,187,16,20-20
14,75,27,Loamy,Chickpea,309,108,19,28-28
27,70,37,Sandy,Chickpea,749,402,13,28-28
24,65,34,Sandy,Chickpea,109,117,25,28-28
13,72,23,Clayey,Chickpea,170,127,12,28-28
12,80,23,Loamy,Chickpea,260,103,19,DAP
13,84,36,Loamy,Chickpea,215,117,17,28-28
20,82,43,Clayey,Chickpea,688,264,9,DAP
19,75,36,Black,Chickpea,704,277,10,DAP
13,86,23,Red,Chickpea,284,160,11,28-28
25,73,51,Loamy,Chickpea,451,143,10,28-28
9,87,29,Sandy,Chickpea,368,84,13,28-28
22,67,37,Sandy,Chickpea,150,56,9,DAP
18,70,31,Loamy,Chickpea,484,131,33,20-20
26,71,46,Loamy,Chickpea,462,317,10,28-28
14,71,44,Loamy,Chickpea,448,50,21,28-28
21,67,27,Loamy,Chickpea,246,35,8,28-28
25,63,49,Loamy,Chickpea,245,158,9,28-28
27,57,41,Black,Chickpea,106,246,25,28-28
11,73,38,Sandy,Chickpea,548,372,15,DAP
13,85,26,Clayey,Chickpea,511,169,25,20-20
14,70,36,Loamy,Chickpea,520,63,21,DAP
16,71,23,Loamy,Chickpea,688,331,8,20-20
18,64,43,Loamy,Chickpea,732,258,27,DAP
11,80,31,Loamy,Chickpea,480,417,13,28-28
24,68,28,Clayey,Chickpea,767,367,7,28-28
12,74,44,Loamy,Barley,570,161,36,20-20
20,79,32,Black,Barley,397,398,11,28-28
13,83,44,Clayey,Barley,311,59,8,20-20
10,85,24,Loamy,Barley,787,77,19,28-28
10,88,27,Loamy,Barley,520,96,27,28-28
10,83,37,Loamy,Barley,425,279,6,28-28
17,63,42,Clayey,Barley,199,188,14,28-28
21,71,38,Sandy,Barley,416,188,14,28-28
20,63,31,Loamy,Barley,556,290,37,28-28
18,77,41,Clayey,Barley,529,105,17,Urea
14,70,40,Sandy,Barley,668,266,33,Urea
12,69,34,Loamy,Barley,420,46,16,Urea
19,70,27,Loamy,Barley,526,78,30,28-28
16,86,37,Loamy,Barley,678,122,24,28-28
12,86,24,Loamy,Barley,405,217,18,Urea
15,68,36,Loamy,Barley,407,125,23,20-20
14,76,32,Sandy,Barley,762,288,21,Urea
14,82,40,Clayey,Barley,700,61,4,Urea
22,59,26,Clayey,Barley,327,250,14,28-28
15,62,23,Black,Barley,410,163,14,Urea
12,87,24,Loamy,Barley,131,169,9,28-28
12,81,25,Loamy,Barley,119,86,24,Urea
16,73,43,Loamy,Barley,463,372,31,Urea
9,95,34,Clayey,Barley,267,55,33,28-28
15,79,38,Loamy,Barley,802,178,16,28-28
18,74,30,Black,Barley,723,248,3,Urea
13,72,36,Sandy,Barley,182,76,30,20-20
22,72,35,Loamy,Barley,760,193,9,28-28
20,66,31,Black,Barley,290,128,8,28-28
13,69,26,Sandy,Barley,294,325,9,20-20
11,74,36,Sandy,Barley,188,96,20,20-20
13,73,40,Sandy,Barley,703,152,6,Urea
17,61,31,Loamy,Barley,373,230,37,20-20
17,72,24,Loamy,Barley,437,113,13,Urea
16,72,38,Loamy,Barley,508,120,12,Urea
14,77,28,Clayey,Barley,321,396,29,28-28
14,67,25,Loamy,Barley,289,204,8,28-28
13,73,32,Red,Barley,165,340,28,28-28
18,69,44,Sandy,Barley,173,61,13,28-28
24,73,22,Loamy,Barley,465,134,9,28-28
14,87,34,Loamy,Barley,782,163,33,20-20
21,64,45,Red,Barley,420,56,8,28-28
23,75,40,Loamy,Barley,167,261,8,28-28
21,63,36,Loamy,Barley,438,310,6,28-28
20,68,29,Clayey,Barley,633,365,37,28-28
9,78,36,Loamy,Barley,501,52,9,Urea
8,79,43,Clayey,Barley,134,303,4,Urea
19,76,24,Loamy,Barley,265,87,20,Urea
20,69,44,Red,Barley,289,170,4,Urea
10,85,44,Loamy,Barley,214,302,17,Urea
16,80,24,Loamy,Barley,196,109,24,Urea
22,59,28,Clayey,Barley,582,58,18,Urea
19,75,36,Loamy,Barley,812,46,31,20-20
13,87,34,Loamy,Barley,283,343,20,Urea
17,77,30,Loamy,Barley,410,300,17,28-28
19,75,36,Clayey,Barley,393,360,4,Urea
9,90,38,Clayey,Barley,453,151,15,28-28
21,58,42,Sandy,Barley,362,227,12,28-28
12,81,33,Clayey,Barley,314,224,33,28-28
21,62,41,Loamy,Barley,814,197,35,28-28
14,81,38,Loamy,Barley,412,74,28,28-28
9,100,43,Clayey,Barley,131,295,20,Urea
8,80,33,Clayey,Barley,515,112,27,28-28
23,57,30,Loamy,Barley,131,320,5,20-20
16,81,22,Sandy,Barley,377,123,22,28-28
14,71,25,Loamy,Barley,545,161,9,Urea
9,90,30,Loamy,Barley,465,120,31,Urea
8,83,37,Clayey,Barley,203,237,8,28-28
6,96,45,Loamy,Barley,326,218,18,20-20
12,90,26,Red,Barley,290,292,14,Urea
20,74,34,Loamy,Barley,519,330,13,28-28
18,84,44,Black,Barley,474,274,32,28-28
21,57,26,Loamy,Barley,418,223,35,Urea
18,77,32,Clayey,Barley,576,61,33,20-20
16,77,36,Sandy,Barley,533,234,13,28-28
14,87,35,Clayey,Barley,458,216,21,28-28
23,64,23,Clayey,Barley,319,232,7,28-28
15,76,36,Loamy,Barley,544,98,27,28-28
20,71,23,Sandy,Barley,168,143,28,Urea
20,71,40,Clayey,Barley,628,140,3,Urea
22,61,34,Loamy,Barley,341,33,34,Urea
20,64,34,Black,Barley,810,87,19,Urea
13,81,31,Loamy,Barley,411,416,32,28-28
8,82,42,Sandy,Barley,126,258,11,28-28
21,71,25,Loamy,Barley,750,42,23,28-28
14,72,37,Loamy,Barley,784,152,13,28-28
19,73,29,Loamy,Barley,476,68,17,20-20
13,69,22,Loamy,Barley,719,61,6,Urea
12,88,42,Loamy,Barley,289,115,5,20-20
12,77,27,Loamy,Barley,386,252,22,28-28
17,65,36,Clayey,Barley,624,82,4,28-28
19,70,43,Sandy,Barley,356,90,16,28-28
16,65,29,Loamy,Barley,183,393,11,28-28
15,71,26,Sandy,Barley,407,42,29,20-20
20,68,39,Loamy,Barley,119,77,3,Urea
20,72,40,Red,Barley,385,365,37,Urea
19,68,45,Clayey,Barley,106,128,29,28-28
23,60,34,Loamy,Barley,126,400,30,28-28
14,74,42,Loamy,Barley,394,152,20,Urea
20,71,43,Sandy,Barley,665,334,3,20-20
19,74,36,Sandy,Barley,740,252,21,28-28
11,91,24,Sandy,Barley,458,85,11,28-28
13,76,37,Clayey,Barley,431,311,20,Urea
14,91,24,Loamy,Barley,109,58,4,Urea
11,77,31,Loamy,Barley,475,100,11,Urea
12,91,34,Loamy,Barley,325,37,16,28-28
11,73,31,Clayey,Barley,752,43,17,28-28
6,82,22,Sandy,Barley,168,262,22,28-28
13,75,37,Loamy,Barley,217,148,25,28-28
14,73,34,Sandy,Barley,473,347,3,28-28
19,79,42,Sandy,Barley,762,100,29,20-20
10,78,36,Sandy,Barley,591,175,35,Urea
15,76,37,Clayey,Barley,445,331,6,28-28
24,78,31,Clayey,Barley,450,42,23,28-28
14,71,31,Loamy,Barley,680,148,22,28-28
21,66,41,Loamy,Barley,603,302,4,28-28
20,78,27,Clayey,Barley,641,288,35,Urea
20,75,39,Loamy,Barley,735,301,10,Urea
18,72,44,Black,Barley,118,37,8,28-28
16,77,39,Loamy,Barley,443,63,34,28-28
21,79,42,Loamy,Barley,809,406,12,28-28
15,78,27,Loamy,Barley,420,74,36,Urea
18,72,28,Loamy,Barley,651,378,25,28-28
10,89,31,Loamy,Barley,422,55,34,Urea
19,76,43,Black,Barley,513,45,18,28-28
11,84,24,Sandy,Barley,261,247,4,Urea
9,76,36,Sandy,Barley,172,157,5,28-28
17,62,42,Clayey,Barley,394,279,22,Urea
12,89,44,Loamy,Barley,455,174,8,28-28
15,82,25,Clayey,Barley,587,358,25,20-20
19,67,38,Sandy,Barley,471,46,4,Urea
13,84,24,Clayey,Barley,100,329,27,Urea
20,68,28,Sandy,Barley,240,92,26,20-20
18,81,40,Loamy,Barley,797,289,36,20-20
9,85,27,Loamy,Barley,322,208,15,Urea
12,82,28,Sandy,Barley,301,284,26,Urea
16,71,23,Loamy,Barley,322,110,10,28-28
14,76,23,Loamy,Barley,276,248,8,28-28
17,77,28,Red,Barley,514,60,29,Urea
18,56,35,Clayey,Barley,170,263,4,28-28
11,84,33,Loamy,Barley,332,262,13,28-28
14,77,35,Clayey,Barley,746,379,16,28-28
9,72,24,Sandy,Barley,435,191,14,Urea
12,92,36,Black,Barley,372,151,23,Urea
22,67,44,Sandy,Barley,788,312,36,28-28
18,74,43,Red,Barley,793,112,17,Urea
10,90,40,Clayey,Barley,244,246,6,20-20
15,69,42,Red,Barley,118,195,24,20-20
21,55,30,Loamy,Barley,205,73,4,Urea
11,84,44,Clayey,Barley,282,272,14,28-28
10,71,40,Loamy,Barley,393,314,20,20-20
17,67,41,Sandy,Barley,369,311,4,20-20
15,80,39,Sandy,Barley,679,82,7,20-20
12,81,25,Loamy,Barley,196,183,33,28-28
19,72,37,Loamy,Barley,179,97,8,28-28
15,74,44,Sandy,Barley,807,253,18,28-28
23,69,24,Sandy,Barley,263,48,8,28-28
19,64,41,Clayey,Barley,750,71,19,20-20
21,59,41,Loamy,Barley,655,211,24,20-20
19,68,44,Sandy,Barley,803,137,17,28-28
9,73,44,Loamy,Barley,336,401,24,28-28
21,67,35,Loamy,Barley,690,79,23,Urea
20,70,32,Loamy,Barley,199,32,20,Urea
22,63,27,Loamy,Barley,507,96,12,28-28
19,71,39,Loamy,Barley,238,314,6,28-28
15,83,33,Loamy,Barley,416,190,14,28-28
13,73,36,Clayey,Barley,233,312,23,20-20
10,100,33,Loamy,Barley,566,87,11,Urea
17,75,44,Sandy,Barley,523,199,35,Urea
18,65,26,Loamy,Barley,337,96,12,Urea
11,86,22,Loamy,Barley,186,150,9,Urea
14,69,35,Sandy,Barley,541,369,16,20-20
13,78,31,Loamy,Barley,359,291,20,28-28
15,73,25,Sandy,Barley,368,264,14,28-28
13,80,32,Sandy,Barley,455,274,30,28-28
11,86,44,Loamy,Barley,515,42,19,20-20
16,79,36,Loamy,Barley,481,55,21,Urea
21,66,36,Loamy,Barley,514,86,6,28-28
12,75,41,Clayey,Barley,347,70,16,Urea
23,55,38,Loamy,Barley,443,224,13,28-28
6,93,28,Clayey,Barley,360,95,33,Urea
13,70,41,Loamy,Barley,509,58,33,20-20
18,70,44,Loamy,Barley,515,257,20,28-28
14,74,41,Black,Barley,486,51,15,28-28
9,80,27,Clayey,Barley,690,86,15,Urea
11,77,39,Loamy,Barley,256,351,33,28-28
8,85,38,Sandy,Barley,213,58,5,20-20
17,72,39,Clayey,Barley,550,160,21,28-28
20,75,36,Clayey,Barley,147,314,10,28-28
13,77,35,Loamy,Barley,228,74,19,28-28
16,81,43,Clayey,Barley,292,361,32,28-28
18,79,24,Sandy,Barley,445,48,28,20-20
19,61,41,Loamy,Barley,278,94,11,20-20
13,86,38,Loamy,Barley,632,62,5,Urea
12,73,31,Sandy,Barley,332,51,26,Urea
9,87,33,Loamy,Barley,213,60,12,20-20
16,83,32,Loamy,Barley,766,301,19,28-28
13,68,24,Loamy,Barley,327,385,15,28-28
13,97,36,Loamy,Barley,189,46,20,20-20
19,64,30,Clayey,Barley,762,108,17,28-28
17,66,39,Sandy,Barley,130,106,10,28-28
6,90,41,Sandy,Barley,765,143,10,28-28
21,66,29,Sandy,Barley,149,108,27,28-28
11,77,33,Black,Barley,254,47,13,Urea
12,90,26,Sandy,Barley,189,67,20,28-28
13,70,31,Loamy,Barley,454,403,20,28-28
17,65,44,Sandy,Barley,594,47,17,28-28
20,79,44,Clayey,Barley,793,98,27,28-28
11,86,29,Clayey,Barley,381,225,16,28-28
16,69,44,Clayey,Barley,774,143,18,28-28
24,73,24,Sandy,Barley,660,133,25,28-28
19,76,38,Sandy,Barley,261,158,15,Urea
13,85,29,Loamy,Barley,550,61,5,Urea
14,90,25,Clayey,Barley,613,344,34,28-28
11,81,26,Loamy,Barley,440,207,21,28-28
17,71,40,Sandy,Barley,285,244,5,20-20
19,57,31,Sandy,Barley,718,294,7,20-20
13,84,30,Loamy,Barley,160,69,37,Urea
22,66,32,Loamy,Barley,289,74,37,Urea
11,86,44,Loamy,Barley,312,213,23,28-28
21,73,27,Sandy,Barley,375,202,16,20-20
19,65,26,Loamy,Barley,336,231,5,28-28
11,74,28,Clayey,Barley,272,170,18,28-28
22,63,25,Loamy,Barley,494,102,20,28-28
21,68,34,Clayey,Barley,99,200,5,28-28
14,83,24,Loamy,Barley,693,388,36,Urea
11,66,27,Clayey,Barley,501,137,30,28-28
22,65,33,Sandy,Barley,89,33,9,28-28
14,71,35,Clayey,Barley,739,261,11,28-28
12,75,43,Loamy,Barley,622,409,36,20-20
19,84,24,Loamy,Barley,316,50,28,28-28
20,57,29,Clayey,Barley,480,96,12,Urea
12,90,23,Loamy,Barley,669,50,12,28-28
18,73,26,Loamy,Barley,251,210,22,Urea
22,78,32,Red,Barley,226,129,32,Urea
14,83,27,Black,Barley,453,191,5,20-20
21,59,25,Loamy,Barley,791,214,6,Urea
15,78,25,Loamy,Barley,713,171,9,28-28
20,73,28,Loamy,Barley,362,344,16,28-28
12,81,42,Red,Barley,409,170,22,Urea
20,74,30,Loamy,Barley,122,175,20,20-20
13,75,37,Clayey,Barley,343,372,12,20-20
20,77,42,Clayey,Barley,277,251,37,28-28
19,79,34,Red,Barley,409,216,32,Urea
20,63,32,Sandy,Barley,678,68,33,28-28
13,61,38,Sandy,Barley,419,387,23,28-28
21,70,39,Sandy,Barley,129,153,20,Urea
17,69,34,Loamy,Barley,256,124,29,Urea
16,72,37,Black,Barley,236,367,27,Urea
20,70,23,Loamy,Barley,537,103,14,28-28
15,80,27,Sandy,Barley,534,175,12,Urea
21,55,35,Loamy,Barley,393,107,10,20-20
23,69,22,Black,Barley,736,234,29,Urea
17,76,41,Clayey,Barley,171,103,7,Urea
14,92,24,Loamy,Barley,529,59,8,Urea
9,82,37,Sandy,Barley,138,151,32,28-28
12,73,32,Clayey,Barley,114,393,4,28-28
15,75,36,Loamy,Barley,304,266,30,28-28
16,83,33,Loamy,Barley,221,328,12,28-28
21,64,37,Sandy,Barley,166,186,16,28-28
19,66,32,Sandy,Barley,152,298,4,28-28
16,82,43,Red,Barley,336,111,17,28-28
21,82,42,Loamy,Barley,623,102,8,20-20
16,80,27,Black,Barley,231,93,7,Urea
11,82,34,Clayey,Barley,540,368,9,20-20
20,69,22,Loamy,Barley,525,392,32,Urea
23,57,40,Sandy,Barley,828,216,22,28-28
15,79,39,Loamy,Barley,522,234,37,28-28
9,73,22,Black,Barley,316,378,20,Urea
16,78,45,Clayey,Barley,232,39,10,28-28
14,82,30,Clayey,Barley,318,174,32,Urea
15,68,32,Clayey,Barley,130,84,17,28-28
8,87,38,Sandy,Barley,706,258,13,28-28
8,91,35,Black,Barley,256,161,22,28-28
18,83,28,Clayey,Barley,167,355,23,28-28
15,73,32,Loamy,Barley,395,398,11,28-28
15,69,31,Loamy,Barley,743,358,14,28-28
17,92,32,Sandy,Barley,552,73,15,28-28
14,80,26,Sandy,Barley,203,242,9,20-20
10,85,29,Clayey,Barley,451,81,12,Urea
10,86,24,Loamy,Barley,495,158,23,Urea
24,65,33,Loamy,Barley,225,122,11,Urea
21,80,31,Loamy,Barley,376,68,6,Urea
16,66,37,Clayey,Barley,479,406,35,28-28
19,68,26,Sandy,Barley,115,76,19,Urea
20,62,28,Red,Barley,665,395,7,20-20
16,76,23,Loamy,Barley,96,93,22,20-20
22,62,33,Clayey,Barley,290,82,22,28-28
20,56,41,Clayey,Barley,223,100,5,20-20
12,84,45,Sandy,Barley,161,235,15,Urea
13,85,40,Loamy,Barley,391,174,20,Urea
16,78,39,Clayey,Barley,330,278,29,28-28
20,71,32,Clayey,Barley,119,102,9,Urea
14,80,34,Loamy,Barley,445,53,10,Urea
12,94,26,Sandy,Barley,95,159,22,28-28
11,84,35,Loamy,Barley,117,246,7,28-28
16,75,24,Loamy,Barley,162,185,6,28-28
14,88,45,Loamy,Barley,246,355,4,Urea
14,74,40,Loamy,Barley,541,228,27,Urea
20,78,38,Loamy,Barley,448,192,19,20-20
21,59,32,Loamy,Barley,504,329,9,28-28
15,80,24,Loamy,Barley,744,260,32,28-28
14,68,32,Clayey,Barley,352,35,6,28-28
11,73,42,Sandy,Barley,700,79,17,28-28
17,77,30,Loamy,Barley,716,144,20,28-28
22,64,41,Loamy,Barley,478,172,17,28-28
16,87,31,Black,Barley,172,325,18,28-28
9,84,40,Clayey,Barley,234,264,19,Urea
13,66,43,Sandy,Barley,667,43,20,Urea
15,84,24,Loamy,Barley,151,131,33,28-28
10,92,30,Sandy,Barley,338,131,29,Urea
19,65,44,Loamy,Barley,762,179,34,Urea
18,67,23,Sandy,Barley,466,37,15,28-28
21,64,43,Loamy,Barley,727,333,21,Urea
11,80,23,Clayey,Barley,217,42,36,28-28
15,74,35,Sandy,Barley,129,204,37,Urea
12,74,37,Loamy,Barley,491,211,16,Urea
23,74,38,Loamy,Barley,322,292,16,28-28
5,88,33,Loamy,Barley,639,128,13,Urea
19,79,32,Sandy,Barley,134,237,34,28-28
21,82,39,Loamy,Barley,551,166,6,28-28
18,67,34,Black,Barley,129,142,6,28-28
19,73,36,Red,Barley,534,72,36,28-28
11,77,27,Sandy,Barley,670,296,35,20-20
17,75,26,Loamy,Barley,532,106,21,28-28
20,72,30,Loamy,Barley,543,326,23,Urea
22,66,28,Clayey,Barley,514,93,19,28-28
13,77,33,Loamy,Barley,195,66,5,28-28
17,67,30,Black,Barley,513,138,16,20-20
14,91,32,Clayey,Barley,135,40,29,Urea
11,83,23,Loamy,Barley,168,303,6,20-20
9,87,42,Clayey,Barley,437,362,6,28-28
13,79,30,Loamy,Barley,713,118,7,20-20
13,73,44,Loamy,Barley,168,140,7,20-20
21,66,41,Loamy,Barley,257,250,9,28-28
16,80,23,Clayey,Barley,153,69,11,28-28
14,84,31,Loamy,Barley,294,115,13,28-28
9,89,38,Sandy,Barley,658,120,9,28-28
21,66,27,Red,Barley,490,283,7,Urea
6,81,41,Sandy,Barley,619,98,33,28-28
19,62,24,Loamy,Barley,573,158,13,20-20
19,73,39,Loamy,Barley,188,86,20,28-28
4,81,25,Loamy,Barley,430,232,36,28-28
11,86,26,Red,Barley,324,53,14,Urea
20,73,27,Sandy,Barley,302,249,5,28-28
15,79,36,Loamy,Barley,473,319,6,Urea
13,76,22,Loamy,Barley,537,79,7,28-28
9,90,38,Loamy,Barley,632,336,20,Urea
8,84,28,Loamy,Barley,333,225,29,20-20
13,79,30,Clayey,Barley,737,182,16,28-28
13,87,28,Clayey,Barley,221,391,36,28-28
24,66,32,Sandy,Barley,195,147,8,28-28
14,78,26,Clayey,Barley,369,69,23,28-28
13,69,34,Red,Barley,230,141,35,28-28
17,80,35,Loamy,Barley,395,36,16,20-20
21,74,43,Sandy,Barley,426,342,5,28-28
8,87,38,Loamy,Barley,172,295,36,28-28
16,60,22,Loamy,Barley,151,71,24,28-28
16,81,28,Clayey,Barley,458,33,15,28-28
12,85,44,Clayey,Barley,467,106,20,Urea
13,77,43,Loamy,Barley,367,64,13,28-28
13,78,30,Sandy,Barley,695,103,13,28-28
22,63,39,Sandy,Barley,640,252,24,Urea
12,71,29,Sandy,Barley,197,300,14,28-28
16,82,35,Sandy,Barley,830,121,29,28-28
15,78,34,Sandy,Barley,547,48,6,20-20
15,76,29,Sandy,Barley,757,312,20,Urea
17,80,24,Clayey,Barley,752,219,4,20-20
11,80,39,Sandy,Barley,367,82,4,28-28
10,90,27,Sandy,Barley,824,68,7,28-28
14,74,45,Sandy,Barley,241,53,16,28-28
22,62,33,Red,Barley,782,343,37,28-28
19,64,30,Loamy,Barley,378,68,7,28-28
12,74,24,Clayey,Barley,830,38,32,28-28
19,67,34,Red,Barley,93,180,5,Urea
10,86,27,Sandy,Barley,240,183,13,Urea
22,73,39,Loamy,Barley,520,102,23,Urea
21,63,34,Sandy,Barley,267,65,37,28-28
15,73,37,Loamy,Barley,189,143,22,Urea
13,80,25,Black,Barley,138,273,9,Urea
18,78,41,Red,Barley,826,187,17,28-28
12,83,24,Loamy,Barley,452,184,21,Urea
23,64,28,Clayey,Barley,185,215,34,28-28
21,83,24,Loamy,Barley,610,204,28,Urea
15,78,35,Loamy,Barley,364,284,8,28-28
9,86,31,Sandy,Barley,418,145,32,28-28
20,62,25,Clayey,Barley,201,236,16,20-20
22,64,36,Loamy,Barley,124,396,6,Urea
17,69,40,Sandy,Barley,336,274,35,28-28
19,75,36,Loamy,Barley,110,72,6,Urea
16,80,23,Loamy,Barley,427,315,8,28-28
14,74,23,Sandy,Barley,208,79,13,Urea
13,75,39,Sandy,Barley,138,36,11,20-20
19,67,44,Clayey,Barley,414,349,23,Urea
13,77,23,Loamy,Barley,328,69,26,28-28
15,90,34,Loamy,Barley,322,93,3,28-28
12,82,39,Clayey,Barley,190,42,20,20-20
16,69,25,Sandy,Barley,120,83,25,28-28
13,77,32,Clayey,Barley,734,71,22,28-28
15,68,22,Loamy,Barley,196,342,30,20-20
